GeoAreaName,TimePeriod,Value,Age,Location,Nature,Sex
Albania,2016,0.1,ALLAGE,ALLAREA,G,BOTHSEX
Albania,2017,0.4,ALLAGE,ALLAREA,G,BOTHSEX
Albania,2018,0.0,ALLAGE,ALLAREA,G,BOTHSEX
Albania,2018,0.03543,ALLAGE,ALLAREA,G,FEMALE
Albania,2018,0.06049,ALLAGE,ALLAREA,G,MALE
Albania,2019,0.0,ALLAGE,ALLAREA,G,BOTHSEX
Albania,2020,0.0,ALLAGE,ALLAREA,G,BOTHSEX
Albania,2020,0.02545,ALLAGE,ALLAREA,G,FEMALE
Albania,2020,0.01708,ALLAGE,ALLAREA,G,MALE
Angola,2018,31.1,ALLAGE,ALLAREA,G,BOTHSEX
Angola,2018,16.72019,ALLAGE,URBAN,G,BOTHSEX
Angola,2018,53.48284,ALLAGE,RURAL,G,BOTHSEX
Angola,2018,30.63079,ALLAGE,ALLAREA,G,MALE
Angola,2018,31.4476,ALLAGE,ALLAREA,G,FEMALE
Argentina,2016,0.7,ALLAGE,ALLAREA,G,BOTHSEX
Argentina,2016,0.68198,ALLAGE,ALLAREA,G,FEMALE
Argentina,2016,0.65194,ALLAGE,ALLAREA,G,MALE
Argentina,2016,0.66755,ALLAGE,URBAN,G,BOTHSEX
Argentina,2017,0.39752,ALLAGE,ALLAREA,G,FEMALE
Argentina,2017,0.4527,ALLAGE,ALLAREA,G,MALE
Argentina,2017,0.42403,ALLAGE,URBAN,G,BOTHSEX
Argentina,2017,0.4,ALLAGE,ALLAREA,G,BOTHSEX
Argentina,2018,0.8,ALLAGE,ALLAREA,G,BOTHSEX
Argentina,2018,0.72476,ALLAGE,ALLAREA,G,FEMALE
Argentina,2018,0.81387,ALLAGE,ALLAREA,G,MALE
Argentina,2018,0.76747,ALLAGE,URBAN,G,BOTHSEX
Argentina,2019,0.73973,ALLAGE,ALLAREA,G,FEMALE
Argentina,2019,0.83152,ALLAGE,ALLAREA,G,MALE
Argentina,2019,0.78401,ALLAGE,URBAN,G,BOTHSEX
Argentina,2019,0.8,ALLAGE,ALLAREA,G,BOTHSEX
Argentina,2020,1.1,ALLAGE,ALLAREA,G,BOTHSEX
Argentina,2020,0.80807,ALLAGE,ALLAREA,G,FEMALE
Argentina,2020,1.35498,ALLAGE,ALLAREA,G,MALE
Argentina,2020,1.07473,ALLAGE,URBAN,G,BOTHSEX
Argentina,2021,0.82131,ALLAGE,ALLAREA,G,FEMALE
Argentina,2021,1.10429,ALLAGE,ALLAREA,G,MALE
Argentina,2021,0.95885,ALLAGE,URBAN,G,BOTHSEX
Argentina,2021,1.0,ALLAGE,ALLAREA,G,BOTHSEX
Australia,2016,0.5,ALLAGE,ALLAREA,G,BOTHSEX
Australia,2018,0.5,ALLAGE,ALLAREA,G,BOTHSEX
Austria,2016,0.78379,ALLAGE,ALLAREA,G,FEMALE
Austria,2016,0.54067,ALLAGE,ALLAREA,G,MALE
Austria,2016,0.87947,ALLAGE,RURAL,G,BOTHSEX
Austria,2016,0.52627,ALLAGE,URBAN,G,BOTHSEX
Austria,2016,0.7,ALLAGE,ALLAREA,G,BOTHSEX
Austria,2017,0.3,ALLAGE,ALLAREA,G,BOTHSEX
Austria,2017,0.24241,ALLAGE,ALLAREA,G,FEMALE
Austria,2017,0.3962,ALLAGE,ALLAREA,G,MALE
Austria,2017,0.32935,ALLAGE,URBAN,G,BOTHSEX
Austria,2017,0.29985,ALLAGE,RURAL,G,BOTHSEX
Austria,2018,0.57303,ALLAGE,ALLAREA,G,FEMALE
Austria,2018,0.57944,ALLAGE,ALLAREA,G,MALE
Austria,2018,0.78777,ALLAGE,RURAL,G,BOTHSEX
Austria,2018,0.44368,ALLAGE,URBAN,G,BOTHSEX
Austria,2018,0.6,ALLAGE,ALLAREA,G,BOTHSEX
Austria,2019,0.6,ALLAGE,ALLAREA,G,BOTHSEX
Austria,2019,0.67748,ALLAGE,URBAN,G,BOTHSEX
Austria,2019,0.68613,ALLAGE,RURAL,G,BOTHSEX
Austria,2019,0.74055,ALLAGE,ALLAREA,G,MALE
Austria,2019,0.62272,ALLAGE,ALLAREA,G,FEMALE
Austria,2020,0.62485,ALLAGE,ALLAREA,G,FEMALE
Austria,2020,0.75294,ALLAGE,ALLAREA,G,MALE
Austria,2020,0.92855,ALLAGE,RURAL,G,BOTHSEX
Austria,2020,0.53522,ALLAGE,URBAN,G,BOTHSEX
Austria,2020,0.7,ALLAGE,ALLAREA,G,BOTHSEX
Bangladesh,2016,13.76815,ALLAGE,ALLAREA,G,FEMALE
Bangladesh,2016,13.16496,ALLAGE,ALLAREA,G,MALE
Bangladesh,2016,16.35205,ALLAGE,RURAL,G,BOTHSEX
Bangladesh,2016,5.77174,ALLAGE,URBAN,G,BOTHSEX
Bangladesh,2016,13.5,ALLAGE,ALLAREA,G,BOTHSEX
Armenia,2016,1.1,ALLAGE,ALLAREA,G,BOTHSEX
Armenia,2017,0.8,ALLAGE,ALLAREA,G,BOTHSEX
Armenia,2018,1.3,ALLAGE,ALLAREA,G,BOTHSEX
Armenia,2019,1.0,ALLAGE,ALLAREA,G,BOTHSEX
Armenia,2019,1.03379,ALLAGE,ALLAREA,G,FEMALE
Armenia,2019,1.02594,ALLAGE,ALLAREA,G,MALE
Armenia,2019,1.46279,ALLAGE,RURAL,G,BOTHSEX
Armenia,2019,0.75435,ALLAGE,URBAN,G,BOTHSEX
Armenia,2020,0.37203,ALLAGE,ALLAREA,G,FEMALE
Armenia,2020,0.21809,ALLAGE,URBAN,G,BOTHSEX
Armenia,2020,0.54111,ALLAGE,RURAL,G,BOTHSEX
Armenia,2020,0.33014,ALLAGE,ALLAREA,G,MALE
Armenia,2020,0.4,ALLAGE,ALLAREA,G,BOTHSEX
Armenia,2021,0.5,ALLAGE,ALLAREA,G,BOTHSEX
Armenia,2021,0.5283,ALLAGE,ALLAREA,G,FEMALE
Armenia,2021,0.51814,ALLAGE,ALLAREA,G,MALE
Armenia,2021,0.66434,ALLAGE,RURAL,G,BOTHSEX
Armenia,2021,0.41942,ALLAGE,URBAN,G,BOTHSEX
Belgium,2016,0.28048,ALLAGE,ALLAREA,G,MALE
Belgium,2016,0.27007,ALLAGE,ALLAREA,G,FEMALE
Belgium,2016,0.04838,ALLAGE,RURAL,G,BOTHSEX
Belgium,2016,0.32499,ALLAGE,URBAN,G,BOTHSEX
Belgium,2016,0.1,ALLAGE,ALLAREA,G,BOTHSEX
Belgium,2017,0.1,ALLAGE,ALLAREA,G,BOTHSEX
Belgium,2017,0.2126,ALLAGE,ALLAREA,G,FEMALE
Belgium,2017,0.34656,ALLAGE,ALLAREA,G,MALE
Belgium,2017,0.087,ALLAGE,RURAL,G,BOTHSEX
Belgium,2017,0.32197,ALLAGE,URBAN,G,BOTHSEX
Belgium,2018,0.20146,ALLAGE,ALLAREA,G,FEMALE
Belgium,2018,0.22969,ALLAGE,ALLAREA,G,MALE
Belgium,2018,0.138,ALLAGE,RURAL,G,BOTHSEX
Belgium,2018,0.22966,ALLAGE,URBAN,G,BOTHSEX
Belgium,2018,0.1,ALLAGE,ALLAREA,G,BOTHSEX
Belgium,2019,0.1,ALLAGE,ALLAREA,G,BOTHSEX
Belgium,2019,0.22957,ALLAGE,ALLAREA,G,FEMALE
Belgium,2019,0.20709,ALLAGE,ALLAREA,G,MALE
Belgium,2019,0.24547,ALLAGE,URBAN,G,BOTHSEX
Belgium,2019,0.06878,ALLAGE,RURAL,G,BOTHSEX
Belgium,2020,0.16953,ALLAGE,ALLAREA,G,FEMALE
Belgium,2020,0.1502,ALLAGE,ALLAREA,G,MALE
Belgium,2020,0.15176,ALLAGE,RURAL,G,BOTHSEX
Belgium,2020,0.16143,ALLAGE,URBAN,G,BOTHSEX
Belgium,2020,0.1,ALLAGE,ALLAREA,G,BOTHSEX
Bhutan,2017,0.9,ALLAGE,ALLAREA,G,BOTHSEX
Bhutan,2017,0.01113,ALLAGE,URBAN,G,BOTHSEX
Bhutan,2017,1.40145,ALLAGE,RURAL,G,BOTHSEX
Bhutan,2017,0.98472,ALLAGE,ALLAREA,G,MALE
Bhutan,2017,0.90921,ALLAGE,ALLAREA,G,FEMALE
Bolivia (Plurinational State of),2016,5.74906,ALLAGE,ALLAREA,G,FEMALE
Bolivia (Plurinational State of),2016,5.48591,ALLAGE,ALLAREA,G,MALE
Bolivia (Plurinational State of),2016,15.10048,ALLAGE,RURAL,G,BOTHSEX
Bolivia (Plurinational State of),2016,1.3772,ALLAGE,URBAN,G,BOTHSEX
Bolivia (Plurinational State of),2016,5.6,ALLAGE,ALLAREA,G,BOTHSEX
Bolivia (Plurinational State of),2017,4.9,ALLAGE,ALLAREA,G,BOTHSEX
Bolivia (Plurinational State of),2017,4.98263,ALLAGE,ALLAREA,G,FEMALE
Bolivia (Plurinational State of),2017,4.88282,ALLAGE,ALLAREA,G,MALE
Bolivia (Plurinational State of),2017,14.11725,ALLAGE,RURAL,G,BOTHSEX
Bolivia (Plurinational State of),2017,0.80353,ALLAGE,URBAN,G,BOTHSEX
Bolivia (Plurinational State of),2018,3.1919,ALLAGE,ALLAREA,G,FEMALE
Bolivia (Plurinational State of),2018,3.36103,ALLAGE,ALLAREA,G,MALE
Bolivia (Plurinational State of),2018,9.81714,ALLAGE,RURAL,G,BOTHSEX
Bolivia (Plurinational State of),2018,0.4182,ALLAGE,URBAN,G,BOTHSEX
Bolivia (Plurinational State of),2018,3.3,ALLAGE,ALLAREA,G,BOTHSEX
Bolivia (Plurinational State of),2019,1.9,ALLAGE,ALLAREA,G,BOTHSEX
Bolivia (Plurinational State of),2019,1.8105,ALLAGE,ALLAREA,G,FEMALE
Bolivia (Plurinational State of),2019,2.03503,ALLAGE,ALLAREA,G,MALE
Bolivia (Plurinational State of),2019,5.58182,ALLAGE,RURAL,G,BOTHSEX
Bolivia (Plurinational State of),2019,0.33708,ALLAGE,URBAN,G,BOTHSEX
Bolivia (Plurinational State of),2020,3.16226,ALLAGE,ALLAREA,G,FEMALE
Bolivia (Plurinational State of),2020,3.07958,ALLAGE,ALLAREA,G,MALE
Bolivia (Plurinational State of),2020,9.32638,ALLAGE,RURAL,G,BOTHSEX
Bolivia (Plurinational State of),2020,0.49698,ALLAGE,URBAN,G,BOTHSEX
Bolivia (Plurinational State of),2020,3.1,ALLAGE,ALLAREA,G,BOTHSEX
Bolivia (Plurinational State of),2021,2.0,ALLAGE,ALLAREA,G,BOTHSEX
Bolivia (Plurinational State of),2021,1.83868,ALLAGE,ALLAREA,G,FEMALE
Bolivia (Plurinational State of),2021,2.09401,ALLAGE,ALLAREA,G,MALE
Bolivia (Plurinational State of),2021,5.8646,ALLAGE,RURAL,G,BOTHSEX
Bolivia (Plurinational State of),2021,0.33605,ALLAGE,URBAN,G,BOTHSEX
Brazil,2016,4.7,ALLAGE,ALLAREA,G,BOTHSEX
Brazil,2016,4.74613,ALLAGE,ALLAREA,G,FEMALE
Brazil,2016,4.66453,ALLAGE,ALLAREA,G,MALE
Brazil,2016,12.47826,ALLAGE,RURAL,G,BOTHSEX
Brazil,2016,3.38176,ALLAGE,URBAN,G,BOTHSEX
Brazil,2017,14.64495,ALLAGE,RURAL,G,BOTHSEX
Brazil,2017,3.71716,ALLAGE,URBAN,G,BOTHSEX
Brazil,2017,5.26488,ALLAGE,ALLAREA,G,FEMALE
Brazil,2017,5.2734,ALLAGE,ALLAREA,G,MALE
Brazil,2017,5.3,ALLAGE,ALLAREA,G,BOTHSEX
Brazil,2018,5.3,ALLAGE,ALLAREA,G,BOTHSEX
Brazil,2018,5.33113,ALLAGE,ALLAREA,G,FEMALE
Brazil,2018,5.27108,ALLAGE,ALLAREA,G,MALE
Brazil,2018,14.78913,ALLAGE,RURAL,G,BOTHSEX
Brazil,2018,3.70095,ALLAGE,URBAN,G,BOTHSEX
Brazil,2019,3.82491,ALLAGE,URBAN,G,BOTHSEX
Brazil,2019,15.00982,ALLAGE,RURAL,G,BOTHSEX
Brazil,2019,5.30534,ALLAGE,ALLAREA,G,MALE
Brazil,2019,5.46825,ALLAGE,ALLAREA,G,FEMALE
Brazil,2019,5.4,ALLAGE,ALLAREA,G,BOTHSEX
Brazil,2020,1.9,ALLAGE,ALLAREA,G,BOTHSEX
Brazil,2020,1.97031,ALLAGE,ALLAREA,G,FEMALE
Brazil,2020,1.92787,ALLAGE,ALLAREA,G,MALE
Brazil,2020,5.13611,ALLAGE,RURAL,G,BOTHSEX
Brazil,2020,1.42589,ALLAGE,URBAN,G,BOTHSEX
Brazil,2021,6.06199,ALLAGE,ALLAREA,G,FEMALE
Brazil,2021,5.57631,ALLAGE,ALLAREA,G,MALE
Brazil,2021,13.37178,ALLAGE,RURAL,G,BOTHSEX
Brazil,2021,4.60122,ALLAGE,URBAN,G,BOTHSEX
Brazil,2021,5.8,ALLAGE,ALLAREA,G,BOTHSEX
Bulgaria,2016,1.81029,ALLAGE,ALLAREA,G,FEMALE
Bulgaria,2016,2.13174,ALLAGE,ALLAREA,G,MALE
Bulgaria,2016,2.97913,ALLAGE,RURAL,G,BOTHSEX
Bulgaria,2016,1.48599,ALLAGE,URBAN,G,BOTHSEX
Bulgaria,2016,2.0,ALLAGE,ALLAREA,G,BOTHSEX
Bulgaria,2017,1.4,ALLAGE,ALLAREA,G,BOTHSEX
Bulgaria,2017,1.39295,ALLAGE,ALLAREA,G,FEMALE
Bulgaria,2017,1.34936,ALLAGE,ALLAREA,G,MALE
Bulgaria,2017,2.84654,ALLAGE,RURAL,G,BOTHSEX
Bulgaria,2017,0.68002,ALLAGE,URBAN,G,BOTHSEX
Bulgaria,2018,0.81162,ALLAGE,ALLAREA,G,FEMALE
Bulgaria,2018,0.93295,ALLAGE,ALLAREA,G,MALE
Bulgaria,2018,0.42239,ALLAGE,URBAN,G,BOTHSEX
Bulgaria,2018,1.82962,ALLAGE,RURAL,G,BOTHSEX
Bulgaria,2018,0.9,ALLAGE,ALLAREA,G,BOTHSEX
Bulgaria,2019,0.9,ALLAGE,ALLAREA,G,BOTHSEX
Bulgaria,2019,0.77242,ALLAGE,ALLAREA,G,FEMALE
Bulgaria,2019,1.09745,ALLAGE,ALLAREA,G,MALE
Bulgaria,2019,1.60386,ALLAGE,RURAL,G,BOTHSEX
Bulgaria,2019,0.6224,ALLAGE,URBAN,G,BOTHSEX
Bulgaria,2020,0.22368,ALLAGE,ALLAREA,G,FEMALE
Bulgaria,2020,0.27363,ALLAGE,ALLAREA,G,MALE
Bulgaria,2020,0.56165,ALLAGE,RURAL,G,BOTHSEX
Bulgaria,2020,0.10457,ALLAGE,URBAN,G,BOTHSEX
Bulgaria,2020,0.2,ALLAGE,ALLAREA,G,BOTHSEX
Myanmar,2017,1.95369,ALLAGE,ALLAREA,G,FEMALE
Myanmar,2017,2.47262,ALLAGE,RURAL,G,BOTHSEX
Myanmar,2017,2.03333,ALLAGE,ALLAREA,G,MALE
Myanmar,2017,0.78518,ALLAGE,URBAN,G,BOTHSEX
Myanmar,2017,2.0,ALLAGE,ALLAREA,G,BOTHSEX
Belarus,2016,0.0,ALLAGE,ALLAREA,G,BOTHSEX
Belarus,2016,0.0,ALLAGE,ALLAREA,G,FEMALE
Belarus,2016,0.0,ALLAGE,ALLAREA,G,MALE
Belarus,2016,0.0,ALLAGE,RURAL,G,BOTHSEX
Belarus,2016,0.0,ALLAGE,URBAN,G,BOTHSEX
Belarus,2017,0.0,ALLAGE,ALLAREA,G,MALE
Belarus,2017,0.0,ALLAGE,ALLAREA,G,FEMALE
Belarus,2017,0.0,ALLAGE,RURAL,G,BOTHSEX
Belarus,2017,0.0,ALLAGE,URBAN,G,BOTHSEX
Belarus,2017,0.0,ALLAGE,ALLAREA,G,BOTHSEX
Belarus,2018,0.0,ALLAGE,ALLAREA,G,BOTHSEX
Belarus,2018,0.0,ALLAGE,ALLAREA,G,FEMALE
Belarus,2018,0.0,ALLAGE,ALLAREA,G,MALE
Belarus,2018,0.0,ALLAGE,RURAL,G,BOTHSEX
Belarus,2018,0.0,ALLAGE,URBAN,G,BOTHSEX
Belarus,2019,0.0,ALLAGE,ALLAREA,G,FEMALE
Belarus,2019,0.0,ALLAGE,ALLAREA,G,MALE
Belarus,2019,0.0,ALLAGE,RURAL,G,BOTHSEX
Belarus,2019,0.0,ALLAGE,URBAN,G,BOTHSEX
Belarus,2019,0.0,ALLAGE,ALLAREA,G,BOTHSEX
Belarus,2020,0.0,ALLAGE,ALLAREA,G,BOTHSEX
Belarus,2020,0.0,ALLAGE,ALLAREA,G,FEMALE
Belarus,2020,0.0,ALLAGE,ALLAREA,G,MALE
Belarus,2020,0.0,ALLAGE,RURAL,G,BOTHSEX
Belarus,2020,0.0,ALLAGE,URBAN,G,BOTHSEX
Canada,2016,0.2,ALLAGE,ALLAREA,G,BOTHSEX
Canada,2017,0.2,ALLAGE,ALLAREA,G,BOTHSEX
Canada,2018,0.2,ALLAGE,ALLAREA,G,BOTHSEX
Sri Lanka,2016,1.3,ALLAGE,ALLAREA,G,BOTHSEX
Sri Lanka,2016,1.27106,ALLAGE,ALLAREA,G,FEMALE
Sri Lanka,2016,1.32287,ALLAGE,ALLAREA,G,MALE
Sri Lanka,2016,1.46762,ALLAGE,RURAL,G,BOTHSEX
Sri Lanka,2016,0.47824,ALLAGE,URBAN,G,BOTHSEX
Sri Lanka,2019,0.98725,ALLAGE,ALLAREA,G,FEMALE
Sri Lanka,2019,0.92652,ALLAGE,ALLAREA,G,MALE
Sri Lanka,2019,1.09464,ALLAGE,RURAL,G,BOTHSEX
Sri Lanka,2019,0.29996,ALLAGE,URBAN,G,BOTHSEX
Sri Lanka,2019,1.0,ALLAGE,ALLAREA,G,BOTHSEX
Chad,2018,30.9,ALLAGE,ALLAREA,G,BOTHSEX
Chad,2018,30.88691,ALLAGE,ALLAREA,G,FEMALE
Chad,2018,30.87867,ALLAGE,ALLAREA,G,MALE
Chad,2018,37.84356,ALLAGE,RURAL,G,BOTHSEX
Chad,2018,9.30608,ALLAGE,URBAN,G,BOTHSEX
Chile,2017,0.32283,ALLAGE,ALLAREA,G,FEMALE
Chile,2017,0.35381,ALLAGE,ALLAREA,G,MALE
Chile,2017,0.19729,ALLAGE,RURAL,G,BOTHSEX
Chile,2017,0.35789,ALLAGE,URBAN,G,BOTHSEX
Chile,2017,0.3,ALLAGE,ALLAREA,G,BOTHSEX
Chile,2020,0.7,ALLAGE,ALLAREA,G,BOTHSEX
Chile,2020,0.73832,ALLAGE,ALLAREA,G,FEMALE
Chile,2020,0.76264,ALLAGE,ALLAREA,G,MALE
Chile,2020,0.36208,ALLAGE,RURAL,G,BOTHSEX
Chile,2020,0.7992,ALLAGE,URBAN,G,BOTHSEX
China,2016,0.8,ALLAGE,ALLAREA,G,BOTHSEX
China,2017,0.7,ALLAGE,ALLAREA,G,BOTHSEX
China,2018,0.4,ALLAGE,ALLAREA,G,BOTHSEX
China,2019,0.1,ALLAGE,ALLAREA,G,BOTHSEX
Colombia,2016,4.9,ALLAGE,ALLAREA,G,BOTHSEX
Colombia,2016,5.17329,ALLAGE,ALLAREA,G,FEMALE
Colombia,2016,4.64742,ALLAGE,ALLAREA,G,MALE
Colombia,2016,10.60816,ALLAGE,RURAL,G,BOTHSEX
Colombia,2016,3.22431,ALLAGE,URBAN,G,BOTHSEX
Colombia,2017,4.14602,ALLAGE,ALLAREA,G,MALE
Colombia,2017,9.33704,ALLAGE,RURAL,G,BOTHSEX
Colombia,2017,2.86872,ALLAGE,URBAN,G,BOTHSEX
Colombia,2017,4.52826,ALLAGE,ALLAREA,G,FEMALE
Colombia,2017,4.3,ALLAGE,ALLAREA,G,BOTHSEX
Colombia,2018,4.5,ALLAGE,ALLAREA,G,BOTHSEX
Colombia,2018,4.61971,ALLAGE,ALLAREA,G,FEMALE
Colombia,2018,4.37386,ALLAGE,ALLAREA,G,MALE
Colombia,2018,9.75095,ALLAGE,RURAL,G,BOTHSEX
Colombia,2018,2.96309,ALLAGE,URBAN,G,BOTHSEX
Colombia,2019,5.06767,ALLAGE,ALLAREA,G,MALE
Colombia,2019,11.79713,ALLAGE,RURAL,G,BOTHSEX
Colombia,2019,3.39183,ALLAGE,URBAN,G,BOTHSEX
Colombia,2019,5.49668,ALLAGE,ALLAREA,G,FEMALE
Colombia,2019,5.3,ALLAGE,ALLAREA,G,BOTHSEX
Colombia,2020,9.4,ALLAGE,ALLAREA,G,BOTHSEX
Colombia,2020,9.68754,ALLAGE,ALLAREA,G,FEMALE
Colombia,2020,9.02436,ALLAGE,ALLAREA,G,MALE
Colombia,2020,11.46899,ALLAGE,RURAL,G,BOTHSEX
Colombia,2020,8.74634,ALLAGE,URBAN,G,BOTHSEX
Colombia,2021,6.90738,ALLAGE,ALLAREA,G,FEMALE
Colombia,2021,6.31245,ALLAGE,ALLAREA,G,MALE
Colombia,2021,10.79803,ALLAGE,RURAL,G,BOTHSEX
Colombia,2021,5.41336,ALLAGE,URBAN,G,BOTHSEX
Colombia,2021,6.6,ALLAGE,ALLAREA,G,BOTHSEX
Costa Rica,2016,1.3,ALLAGE,ALLAREA,G,BOTHSEX
Costa Rica,2016,1.3692,ALLAGE,ALLAREA,G,FEMALE
Costa Rica,2016,1.30238,ALLAGE,ALLAREA,G,MALE
Costa Rica,2016,2.18848,ALLAGE,RURAL,G,BOTHSEX
Costa Rica,2016,1.01588,ALLAGE,URBAN,G,BOTHSEX
Costa Rica,2017,1.13475,ALLAGE,ALLAREA,G,FEMALE
Costa Rica,2017,1.21195,ALLAGE,ALLAREA,G,MALE
Costa Rica,2017,1.7076,ALLAGE,RURAL,G,BOTHSEX
Costa Rica,2017,0.97015,ALLAGE,URBAN,G,BOTHSEX
Costa Rica,2017,1.2,ALLAGE,ALLAREA,G,BOTHSEX
Costa Rica,2018,1.5,ALLAGE,ALLAREA,G,BOTHSEX
Costa Rica,2018,1.52959,ALLAGE,ALLAREA,G,FEMALE
Costa Rica,2018,1.20928,ALLAGE,URBAN,G,BOTHSEX
Costa Rica,2018,2.28789,ALLAGE,RURAL,G,BOTHSEX
Costa Rica,2018,1.48062,ALLAGE,ALLAREA,G,MALE
Costa Rica,2019,1.04813,ALLAGE,ALLAREA,G,FEMALE
Costa Rica,2019,1.0667,ALLAGE,ALLAREA,G,MALE
Costa Rica,2019,1.14876,ALLAGE,RURAL,G,BOTHSEX
Costa Rica,2019,1.0224,ALLAGE,URBAN,G,BOTHSEX
Costa Rica,2019,1.1,ALLAGE,ALLAREA,G,BOTHSEX
Costa Rica,2020,2.3,ALLAGE,ALLAREA,G,BOTHSEX
Costa Rica,2020,2.31534,ALLAGE,ALLAREA,G,FEMALE
Costa Rica,2020,2.26588,ALLAGE,ALLAREA,G,MALE
Costa Rica,2020,2.37369,ALLAGE,RURAL,G,BOTHSEX
Costa Rica,2020,2.26007,ALLAGE,URBAN,G,BOTHSEX
Costa Rica,2021,1.3129,ALLAGE,ALLAREA,G,FEMALE
Costa Rica,2021,1.13541,ALLAGE,ALLAREA,G,MALE
Costa Rica,2021,1.54741,ALLAGE,RURAL,G,BOTHSEX
Costa Rica,2021,1.10584,ALLAGE,URBAN,G,BOTHSEX
Costa Rica,2021,1.2,ALLAGE,ALLAREA,G,BOTHSEX
Croatia,2016,0.68475,ALLAGE,ALLAREA,G,MALE
Croatia,2016,0.88173,ALLAGE,RURAL,G,BOTHSEX
Croatia,2016,0.6,ALLAGE,ALLAREA,G,BOTHSEX
Croatia,2017,0.5,ALLAGE,ALLAREA,G,BOTHSEX
Croatia,2017,0.50011,ALLAGE,ALLAREA,G,FEMALE
Croatia,2017,0.59248,ALLAGE,ALLAREA,G,MALE
Croatia,2017,0.79393,ALLAGE,RURAL,G,BOTHSEX
Croatia,2017,0.38925,ALLAGE,URBAN,G,BOTHSEX
Croatia,2018,0.40332,ALLAGE,ALLAREA,G,FEMALE
Croatia,2018,0.52579,ALLAGE,ALLAREA,G,MALE
Croatia,2018,0.18384,ALLAGE,URBAN,G,BOTHSEX
Croatia,2018,0.4,ALLAGE,ALLAREA,G,BOTHSEX
Croatia,2019,0.3,ALLAGE,ALLAREA,G,BOTHSEX
Croatia,2019,0.25996,ALLAGE,RURAL,G,BOTHSEX
Croatia,2019,0.31238,ALLAGE,URBAN,G,BOTHSEX
Croatia,2019,0.29435,ALLAGE,ALLAREA,G,MALE
Croatia,2019,0.29217,ALLAGE,ALLAREA,G,FEMALE
Croatia,2020,0.29557,ALLAGE,ALLAREA,G,FEMALE
Croatia,2020,0.3744,ALLAGE,ALLAREA,G,MALE
Croatia,2020,0.45497,ALLAGE,RURAL,G,BOTHSEX
Croatia,2020,0.26505,ALLAGE,URBAN,G,BOTHSEX
Croatia,2020,0.3,ALLAGE,ALLAREA,G,BOTHSEX
Cyprus,2016,0.0,ALLAGE,ALLAREA,G,BOTHSEX
Cyprus,2016,0.04957,ALLAGE,ALLAREA,G,FEMALE
Cyprus,2016,0.03229,ALLAGE,ALLAREA,G,MALE
Cyprus,2016,0.08711,ALLAGE,RURAL,G,BOTHSEX
Cyprus,2016,0.03101,ALLAGE,URBAN,G,BOTHSEX
Cyprus,2017,0.06411,ALLAGE,ALLAREA,G,FEMALE
Cyprus,2017,0.0,ALLAGE,ALLAREA,G,MALE
Cyprus,2017,0.01302,ALLAGE,RURAL,G,BOTHSEX
Cyprus,2017,0.03711,ALLAGE,URBAN,G,BOTHSEX
Cyprus,2017,0.0,ALLAGE,ALLAREA,G,BOTHSEX
Cyprus,2018,0.0,ALLAGE,ALLAREA,G,BOTHSEX
Cyprus,2018,0.0,ALLAGE,ALLAREA,G,FEMALE
Cyprus,2018,0.03378,ALLAGE,ALLAREA,G,MALE
Cyprus,2018,0.0,ALLAGE,URBAN,G,BOTHSEX
Cyprus,2018,0.09066,ALLAGE,RURAL,G,BOTHSEX
Cyprus,2019,0.03485,ALLAGE,ALLAREA,G,FEMALE
Cyprus,2019,0.27794,ALLAGE,ALLAREA,G,MALE
Cyprus,2019,0.09129,ALLAGE,RURAL,G,BOTHSEX
Cyprus,2019,0.16698,ALLAGE,URBAN,G,BOTHSEX
Cyprus,2019,0.2,ALLAGE,ALLAREA,G,BOTHSEX
Cyprus,2020,0.0,ALLAGE,ALLAREA,G,BOTHSEX
Cyprus,2020,0.0154,ALLAGE,URBAN,G,BOTHSEX
Cyprus,2020,0.0,ALLAGE,RURAL,G,BOTHSEX
Cyprus,2020,0.01746,ALLAGE,ALLAREA,G,MALE
Cyprus,2020,0.00803,ALLAGE,ALLAREA,G,FEMALE
Czechia,2016,0.0,ALLAGE,ALLAREA,G,BOTHSEX
Czechia,2016,0.0464,ALLAGE,ALLAREA,G,FEMALE
Czechia,2016,0.03252,ALLAGE,ALLAREA,G,MALE
Czechia,2016,0.03703,ALLAGE,RURAL,G,BOTHSEX
Czechia,2016,0.04097,ALLAGE,URBAN,G,BOTHSEX
Czechia,2017,0.0492,ALLAGE,ALLAREA,G,FEMALE
Czechia,2017,0.06331,ALLAGE,ALLAREA,G,MALE
Czechia,2017,0.02545,ALLAGE,RURAL,G,BOTHSEX
Czechia,2017,0.07344,ALLAGE,URBAN,G,BOTHSEX
Czechia,2017,0.0,ALLAGE,ALLAREA,G,BOTHSEX
Czechia,2018,0.0,ALLAGE,ALLAREA,G,BOTHSEX
Czechia,2018,0.01485,ALLAGE,ALLAREA,G,FEMALE
Czechia,2018,0.00843,ALLAGE,ALLAREA,G,MALE
Czechia,2018,0.00771,ALLAGE,RURAL,G,BOTHSEX
Czechia,2018,0.014,ALLAGE,URBAN,G,BOTHSEX
Czechia,2019,0.01947,ALLAGE,ALLAREA,G,FEMALE
Czechia,2019,0.00961,ALLAGE,ALLAREA,G,MALE
Czechia,2019,0.03453,ALLAGE,RURAL,G,BOTHSEX
Czechia,2019,0.00318,ALLAGE,URBAN,G,BOTHSEX
Czechia,2019,0.0,ALLAGE,ALLAREA,G,BOTHSEX
Czechia,2020,0.0,ALLAGE,ALLAREA,G,BOTHSEX
Czechia,2020,0.00954,ALLAGE,ALLAREA,G,FEMALE
Czechia,2020,0.05693,ALLAGE,ALLAREA,G,MALE
Czechia,2020,0.02649,ALLAGE,RURAL,G,BOTHSEX
Czechia,2020,0.03659,ALLAGE,URBAN,G,BOTHSEX
Benin,2018,19.9,ALLAGE,ALLAREA,G,BOTHSEX
Benin,2018,20.03526,ALLAGE,ALLAREA,G,FEMALE
Benin,2018,19.75077,ALLAGE,ALLAREA,G,MALE
Benin,2018,13.09815,ALLAGE,URBAN,G,BOTHSEX
Benin,2018,25.34758,ALLAGE,RURAL,G,BOTHSEX
Denmark,2016,0.39396,ALLAGE,ALLAREA,G,FEMALE
Denmark,2016,0.77107,ALLAGE,ALLAREA,G,MALE
Denmark,2016,0.17849,ALLAGE,RURAL,G,BOTHSEX
Denmark,2016,0.78071,ALLAGE,URBAN,G,BOTHSEX
Denmark,2016,0.3,ALLAGE,ALLAREA,G,BOTHSEX
Denmark,2017,0.1,ALLAGE,ALLAREA,G,BOTHSEX
Denmark,2017,0.65215,ALLAGE,ALLAREA,G,MALE
Denmark,2017,0.46579,ALLAGE,RURAL,G,BOTHSEX
Denmark,2017,0.50353,ALLAGE,URBAN,G,BOTHSEX
Denmark,2017,0.33136,ALLAGE,ALLAREA,G,FEMALE
Denmark,2018,0.60358,ALLAGE,ALLAREA,G,FEMALE
Denmark,2018,0.60977,ALLAGE,ALLAREA,G,MALE
Denmark,2018,0.37948,ALLAGE,RURAL,G,BOTHSEX
Denmark,2018,0.71841,ALLAGE,URBAN,G,BOTHSEX
Denmark,2018,0.2,ALLAGE,ALLAREA,G,BOTHSEX
Denmark,2019,0.3,ALLAGE,ALLAREA,G,BOTHSEX
Denmark,2019,0.33045,ALLAGE,ALLAREA,G,FEMALE
Denmark,2019,0.66984,ALLAGE,ALLAREA,G,MALE
Denmark,2019,0.4813,ALLAGE,RURAL,G,BOTHSEX
Denmark,2019,0.50817,ALLAGE,URBAN,G,BOTHSEX
Denmark,2020,0.66984,ALLAGE,URBAN,G,BOTHSEX
Denmark,2020,0.5223,ALLAGE,ALLAREA,G,FEMALE
Denmark,2020,0.60437,ALLAGE,ALLAREA,G,MALE
Denmark,2020,0.33874,ALLAGE,RURAL,G,BOTHSEX
Denmark,2020,0.2,ALLAGE,ALLAREA,G,BOTHSEX
Dominican Republic,2016,2.0,ALLAGE,ALLAREA,G,BOTHSEX
Dominican Republic,2017,1.0,ALLAGE,ALLAREA,G,BOTHSEX
Dominican Republic,2017,0.98878,ALLAGE,URBAN,G,BOTHSEX
Dominican Republic,2017,1.10094,ALLAGE,ALLAREA,G,FEMALE
Dominican Republic,2017,0.89875,ALLAGE,ALLAREA,G,MALE
Dominican Republic,2017,1.05376,ALLAGE,RURAL,G,BOTHSEX
Dominican Republic,2018,1.00778,ALLAGE,ALLAREA,G,FEMALE
Dominican Republic,2018,0.6576,ALLAGE,ALLAREA,G,MALE
Dominican Republic,2018,0.75016,ALLAGE,RURAL,G,BOTHSEX
Dominican Republic,2018,0.85548,ALLAGE,URBAN,G,BOTHSEX
Dominican Republic,2018,0.8,ALLAGE,ALLAREA,G,BOTHSEX
Dominican Republic,2019,0.8,ALLAGE,ALLAREA,G,BOTHSEX
Dominican Republic,2019,0.8853,ALLAGE,ALLAREA,G,FEMALE
Dominican Republic,2019,0.77828,ALLAGE,ALLAREA,G,MALE
Dominican Republic,2019,0.7484,ALLAGE,RURAL,G,BOTHSEX
Dominican Republic,2019,0.85151,ALLAGE,URBAN,G,BOTHSEX
Dominican Republic,2020,1.00405,ALLAGE,URBAN,G,BOTHSEX
Dominican Republic,2020,0.75171,ALLAGE,RURAL,G,BOTHSEX
Dominican Republic,2020,1.06029,ALLAGE,ALLAREA,G,MALE
Dominican Republic,2020,0.86404,ALLAGE,ALLAREA,G,FEMALE
Dominican Republic,2020,1.0,ALLAGE,ALLAREA,G,BOTHSEX
Dominican Republic,2021,0.9,ALLAGE,ALLAREA,G,BOTHSEX
Dominican Republic,2021,0.97654,ALLAGE,ALLAREA,G,FEMALE
Dominican Republic,2021,0.72351,ALLAGE,ALLAREA,G,MALE
Dominican Republic,2021,1.05348,ALLAGE,RURAL,G,BOTHSEX
Dominican Republic,2021,0.81247,ALLAGE,URBAN,G,BOTHSEX
Ecuador,2016,1.8785,ALLAGE,URBAN,G,BOTHSEX
Ecuador,2016,7.17588,ALLAGE,RURAL,G,BOTHSEX
Ecuador,2016,3.51984,ALLAGE,ALLAREA,G,MALE
Ecuador,2016,3.62872,ALLAGE,ALLAREA,G,FEMALE
Ecuador,2016,3.6,ALLAGE,ALLAREA,G,BOTHSEX
Ecuador,2017,3.2,ALLAGE,ALLAREA,G,BOTHSEX
Ecuador,2017,3.22064,ALLAGE,ALLAREA,G,FEMALE
Ecuador,2017,3.20572,ALLAGE,ALLAREA,G,MALE
Ecuador,2017,7.36972,ALLAGE,RURAL,G,BOTHSEX
Ecuador,2017,1.27439,ALLAGE,URBAN,G,BOTHSEX
Ecuador,2018,3.19208,ALLAGE,ALLAREA,G,FEMALE
Ecuador,2018,3.43598,ALLAGE,ALLAREA,G,MALE
Ecuador,2018,6.60928,ALLAGE,RURAL,G,BOTHSEX
Ecuador,2018,1.76599,ALLAGE,URBAN,G,BOTHSEX
Ecuador,2018,3.3,ALLAGE,ALLAREA,G,BOTHSEX
Ecuador,2019,3.6,ALLAGE,ALLAREA,G,BOTHSEX
Ecuador,2019,3.48223,ALLAGE,ALLAREA,G,FEMALE
Ecuador,2019,3.68924,ALLAGE,ALLAREA,G,MALE
Ecuador,2019,8.38347,ALLAGE,RURAL,G,BOTHSEX
Ecuador,2019,1.32899,ALLAGE,URBAN,G,BOTHSEX
Ecuador,2020,6.64889,ALLAGE,ALLAREA,G,FEMALE
Ecuador,2020,6.38416,ALLAGE,ALLAREA,G,MALE
Ecuador,2020,14.62617,ALLAGE,RURAL,G,BOTHSEX
Ecuador,2020,2.69766,ALLAGE,URBAN,G,BOTHSEX
Ecuador,2020,6.5,ALLAGE,ALLAREA,G,BOTHSEX
Ecuador,2021,3.6,ALLAGE,ALLAREA,G,BOTHSEX
Ecuador,2021,3.79745,ALLAGE,ALLAREA,G,FEMALE
Ecuador,2021,3.35965,ALLAGE,ALLAREA,G,MALE
Ecuador,2021,6.91805,ALLAGE,RURAL,G,BOTHSEX
Ecuador,2021,2.01563,ALLAGE,URBAN,G,BOTHSEX
El Salvador,2016,2.6,ALLAGE,ALLAREA,G,BOTHSEX
El Salvador,2016,5.33614,ALLAGE,RURAL,G,BOTHSEX
El Salvador,2016,0.956,ALLAGE,URBAN,G,BOTHSEX
El Salvador,2016,2.70273,ALLAGE,ALLAREA,G,MALE
El Salvador,2016,2.57027,ALLAGE,ALLAREA,G,FEMALE
El Salvador,2017,1.998,ALLAGE,ALLAREA,G,FEMALE
El Salvador,2017,2.33332,ALLAGE,ALLAREA,G,MALE
El Salvador,2017,4.39526,ALLAGE,RURAL,G,BOTHSEX
El Salvador,2017,0.67159,ALLAGE,URBAN,G,BOTHSEX
El Salvador,2017,2.2,ALLAGE,ALLAREA,G,BOTHSEX
El Salvador,2018,1.8,ALLAGE,ALLAREA,G,BOTHSEX
El Salvador,2018,1.81378,ALLAGE,ALLAREA,G,FEMALE
El Salvador,2018,1.87536,ALLAGE,ALLAREA,G,MALE
El Salvador,2018,3.46915,ALLAGE,RURAL,G,BOTHSEX
El Salvador,2018,0.83119,ALLAGE,URBAN,G,BOTHSEX
El Salvador,2019,1.40255,ALLAGE,ALLAREA,G,FEMALE
El Salvador,2019,1.40121,ALLAGE,ALLAREA,G,MALE
El Salvador,2019,2.54398,ALLAGE,RURAL,G,BOTHSEX
El Salvador,2019,0.69177,ALLAGE,URBAN,G,BOTHSEX
El Salvador,2019,1.4,ALLAGE,ALLAREA,G,BOTHSEX
El Salvador,2021,3.6,ALLAGE,ALLAREA,G,BOTHSEX
El Salvador,2021,3.52231,ALLAGE,ALLAREA,G,FEMALE
El Salvador,2021,3.65896,ALLAGE,ALLAREA,G,MALE
El Salvador,2021,6.91468,ALLAGE,RURAL,G,BOTHSEX
El Salvador,2021,1.51575,ALLAGE,URBAN,G,BOTHSEX
Estonia,2016,0.98605,ALLAGE,ALLAREA,G,MALE
Estonia,2016,0.74253,ALLAGE,RURAL,G,BOTHSEX
Estonia,2016,0.67497,ALLAGE,URBAN,G,BOTHSEX
Estonia,2016,0.45198,ALLAGE,ALLAREA,G,FEMALE
Estonia,2016,0.5,ALLAGE,ALLAREA,G,BOTHSEX
Estonia,2017,0.3,ALLAGE,ALLAREA,G,BOTHSEX
Estonia,2017,0.31201,ALLAGE,ALLAREA,G,FEMALE
Estonia,2017,0.61464,ALLAGE,ALLAREA,G,MALE
Estonia,2017,0.76388,ALLAGE,RURAL,G,BOTHSEX
Estonia,2017,0.31029,ALLAGE,URBAN,G,BOTHSEX
Estonia,2018,0.75446,ALLAGE,ALLAREA,G,MALE
Estonia,2018,0.81076,ALLAGE,RURAL,G,BOTHSEX
Estonia,2018,0.36948,ALLAGE,URBAN,G,BOTHSEX
Estonia,2018,0.27903,ALLAGE,ALLAREA,G,FEMALE
Estonia,2018,0.2,ALLAGE,ALLAREA,G,BOTHSEX
Estonia,2019,0.6,ALLAGE,ALLAREA,G,BOTHSEX
Estonia,2019,0.52397,ALLAGE,ALLAREA,G,FEMALE
Estonia,2019,0.90691,ALLAGE,ALLAREA,G,MALE
Estonia,2019,0.78643,ALLAGE,RURAL,G,BOTHSEX
Estonia,2019,0.66991,ALLAGE,URBAN,G,BOTHSEX
Estonia,2020,0.43539,ALLAGE,ALLAREA,G,FEMALE
Estonia,2020,0.72596,ALLAGE,ALLAREA,G,MALE
Estonia,2020,0.52134,ALLAGE,RURAL,G,BOTHSEX
Estonia,2020,0.60263,ALLAGE,URBAN,G,BOTHSEX
Estonia,2020,0.3,ALLAGE,ALLAREA,G,BOTHSEX
Fiji,2019,1.3,ALLAGE,ALLAREA,G,BOTHSEX
Fiji,2019,2.38194,ALLAGE,RURAL,G,BOTHSEX
Fiji,2019,0.45701,ALLAGE,URBAN,G,BOTHSEX
Finland,2016,0.05371,ALLAGE,ALLAREA,G,FEMALE
Finland,2016,0.05834,ALLAGE,ALLAREA,G,MALE
Finland,2016,0.08311,ALLAGE,RURAL,G,BOTHSEX
Finland,2016,0.04474,ALLAGE,URBAN,G,BOTHSEX
Finland,2016,0.0,ALLAGE,ALLAREA,G,BOTHSEX
Finland,2017,0.1,ALLAGE,ALLAREA,G,BOTHSEX
Finland,2017,0.07582,ALLAGE,ALLAREA,G,FEMALE
Finland,2017,0.06609,ALLAGE,ALLAREA,G,MALE
Finland,2017,0.09801,ALLAGE,RURAL,G,BOTHSEX
Finland,2017,0.06021,ALLAGE,URBAN,G,BOTHSEX
Finland,2018,0.02635,ALLAGE,ALLAREA,G,FEMALE
Finland,2018,0.12704,ALLAGE,ALLAREA,G,MALE
Finland,2018,0.0457,ALLAGE,RURAL,G,BOTHSEX
Finland,2018,0.08811,ALLAGE,URBAN,G,BOTHSEX
Finland,2018,0.1,ALLAGE,ALLAREA,G,BOTHSEX
Finland,2019,0.0,ALLAGE,ALLAREA,G,BOTHSEX
Finland,2019,0.09293,ALLAGE,ALLAREA,G,MALE
Finland,2019,0.01597,ALLAGE,RURAL,G,BOTHSEX
Finland,2019,0.06347,ALLAGE,URBAN,G,BOTHSEX
Finland,2019,0.00772,ALLAGE,ALLAREA,G,FEMALE
Finland,2020,0.00418,ALLAGE,ALLAREA,G,FEMALE
Finland,2020,0.07035,ALLAGE,ALLAREA,G,MALE
Finland,2020,0.04879,ALLAGE,RURAL,G,BOTHSEX
Finland,2020,0.03223,ALLAGE,URBAN,G,BOTHSEX
Finland,2020,0.0,ALLAGE,ALLAREA,G,BOTHSEX
France,2016,0.16245,ALLAGE,ALLAREA,G,FEMALE
France,2016,0.13331,ALLAGE,ALLAREA,G,MALE
France,2016,0.08419,ALLAGE,RURAL,G,BOTHSEX
France,2016,0.18144,ALLAGE,URBAN,G,BOTHSEX
France,2016,0.1,ALLAGE,ALLAREA,G,BOTHSEX
France,2017,0.0,ALLAGE,ALLAREA,G,BOTHSEX
France,2017,0.09969,ALLAGE,ALLAREA,G,FEMALE
France,2017,0.10189,ALLAGE,URBAN,G,BOTHSEX
France,2017,0.12036,ALLAGE,RURAL,G,BOTHSEX
France,2017,0.11697,ALLAGE,ALLAREA,G,MALE
France,2018,0.09023,ALLAGE,ALLAREA,G,FEMALE
France,2018,0.04417,ALLAGE,ALLAREA,G,MALE
France,2018,0.07505,ALLAGE,RURAL,G,BOTHSEX
France,2018,0.06409,ALLAGE,URBAN,G,BOTHSEX
France,2018,0.0,ALLAGE,ALLAREA,G,BOTHSEX
France,2019,0.1,ALLAGE,ALLAREA,G,BOTHSEX
France,2019,0.24129,ALLAGE,ALLAREA,G,FEMALE
France,2019,0.33853,ALLAGE,ALLAREA,G,MALE
France,2019,0.17342,ALLAGE,RURAL,G,BOTHSEX
France,2019,0.34796,ALLAGE,URBAN,G,BOTHSEX
France,2020,0.2797,ALLAGE,ALLAREA,G,FEMALE
France,2020,0.37439,ALLAGE,ALLAREA,G,MALE
France,2020,0.29715,ALLAGE,RURAL,G,BOTHSEX
France,2020,0.34039,ALLAGE,URBAN,G,BOTHSEX
France,2020,0.1,ALLAGE,ALLAREA,G,BOTHSEX
Djibouti,2017,19.1,ALLAGE,ALLAREA,G,BOTHSEX
Djibouti,2017,19.02242,ALLAGE,ALLAREA,G,FEMALE
Djibouti,2017,61.04295,ALLAGE,RURAL,G,BOTHSEX
Djibouti,2017,11.56082,ALLAGE,URBAN,G,BOTHSEX
Djibouti,2017,19.13754,ALLAGE,ALLAREA,G,MALE
Gabon,2017,2.5,ALLAGE,ALLAREA,G,BOTHSEX
Gabon,2017,2.35725,ALLAGE,ALLAREA,G,FEMALE
Gabon,2017,2.58908,ALLAGE,ALLAREA,G,MALE
Gabon,2017,8.31003,ALLAGE,RURAL,G,BOTHSEX
Gabon,2017,1.22584,ALLAGE,URBAN,G,BOTHSEX
Georgia,2016,4.9,ALLAGE,ALLAREA,G,BOTHSEX
Georgia,2016,3.66223,ALLAGE,URBAN,G,BOTHSEX
Georgia,2016,4.63418,ALLAGE,ALLAREA,G,FEMALE
Georgia,2016,5.21978,ALLAGE,ALLAREA,G,MALE
Georgia,2016,6.6202,ALLAGE,RURAL,G,BOTHSEX
Georgia,2017,6.18019,ALLAGE,ALLAREA,G,FEMALE
Georgia,2017,6.28513,ALLAGE,ALLAREA,G,MALE
Georgia,2017,8.101,ALLAGE,RURAL,G,BOTHSEX
Georgia,2017,4.86494,ALLAGE,URBAN,G,BOTHSEX
Georgia,2017,6.2,ALLAGE,ALLAREA,G,BOTHSEX
Georgia,2018,5.6,ALLAGE,ALLAREA,G,BOTHSEX
Georgia,2018,5.57858,ALLAGE,ALLAREA,G,FEMALE
Georgia,2018,4.95634,ALLAGE,URBAN,G,BOTHSEX
Georgia,2018,6.43091,ALLAGE,RURAL,G,BOTHSEX
Georgia,2018,5.53762,ALLAGE,ALLAREA,G,MALE
Georgia,2019,5.07543,ALLAGE,ALLAREA,G,FEMALE
Georgia,2019,4.59493,ALLAGE,ALLAREA,G,MALE
Georgia,2019,5.97321,ALLAGE,RURAL,G,BOTHSEX
Georgia,2019,4.03874,ALLAGE,URBAN,G,BOTHSEX
Georgia,2019,4.8,ALLAGE,ALLAREA,G,BOTHSEX
Georgia,2020,5.8,ALLAGE,ALLAREA,G,BOTHSEX
Georgia,2020,5.83778,ALLAGE,ALLAREA,G,FEMALE
Georgia,2020,5.77232,ALLAGE,ALLAREA,G,MALE
Georgia,2020,8.468,ALLAGE,RURAL,G,BOTHSEX
Georgia,2020,4.02255,ALLAGE,URBAN,G,BOTHSEX
Georgia,2021,5.38432,ALLAGE,ALLAREA,G,FEMALE
Georgia,2021,5.59584,ALLAGE,ALLAREA,G,MALE
Georgia,2021,7.89987,ALLAGE,RURAL,G,BOTHSEX
Georgia,2021,3.89163,ALLAGE,URBAN,G,BOTHSEX
Georgia,2021,5.5,ALLAGE,ALLAREA,G,BOTHSEX
Gambia,2020,30.85917,ALLAGE,RURAL,G,BOTHSEX
Gambia,2020,6.11005,ALLAGE,URBAN,G,BOTHSEX
Gambia,2020,17.2,ALLAGE,ALLAREA,G,BOTHSEX
State of Palestine,2016,0.5,ALLAGE,ALLAREA,G,BOTHSEX
State of Palestine,2016,0.55469,ALLAGE,ALLAREA,G,FEMALE
State of Palestine,2016,0.6476,ALLAGE,URBAN,G,BOTHSEX
State of Palestine,2016,0.0,ALLAGE,RURAL,G,BOTHSEX
State of Palestine,2016,0.45177,ALLAGE,ALLAREA,G,MALE
Germany,2016,0.0,ALLAGE,ALLAREA,G,BOTHSEX
Germany,2017,0.2,ALLAGE,ALLAREA,G,BOTHSEX
Germany,2018,0.0,ALLAGE,ALLAREA,G,BOTHSEX
Germany,2019,0.0,ALLAGE,ALLAREA,G,BOTHSEX
Ghana,2016,25.2,ALLAGE,ALLAREA,G,BOTHSEX
Ghana,2016,25.09471,ALLAGE,ALLAREA,G,FEMALE
Ghana,2016,25.32936,ALLAGE,ALLAREA,G,MALE
Ghana,2016,41.8512,ALLAGE,RURAL,G,BOTHSEX
Ghana,2016,9.03681,ALLAGE,URBAN,G,BOTHSEX
Kiribati,2019,1.7,ALLAGE,ALLAREA,G,BOTHSEX
Kiribati,2019,0.38756,ALLAGE,URBAN,G,BOTHSEX
Kiribati,2019,3.15048,ALLAGE,RURAL,G,BOTHSEX
Greece,2016,1.62943,ALLAGE,ALLAREA,G,FEMALE
Greece,2016,1.64799,ALLAGE,ALLAREA,G,MALE
Greece,2016,1.06759,ALLAGE,RURAL,G,BOTHSEX
Greece,2016,1.8975,ALLAGE,URBAN,G,BOTHSEX
Greece,2016,1.0,ALLAGE,ALLAREA,G,BOTHSEX
Greece,2017,0.9,ALLAGE,ALLAREA,G,BOTHSEX
Greece,2017,1.22724,ALLAGE,ALLAREA,G,MALE
Greece,2017,1.05835,ALLAGE,RURAL,G,BOTHSEX
Greece,2017,1.25432,ALLAGE,URBAN,G,BOTHSEX
Greece,2017,1.16779,ALLAGE,ALLAREA,G,FEMALE
Greece,2018,0.65837,ALLAGE,ALLAREA,G,FEMALE
Greece,2018,0.73166,ALLAGE,ALLAREA,G,MALE
Greece,2018,0.56611,ALLAGE,RURAL,G,BOTHSEX
Greece,2018,0.75391,ALLAGE,URBAN,G,BOTHSEX
Greece,2018,0.1,ALLAGE,ALLAREA,G,BOTHSEX
Greece,2019,0.7,ALLAGE,ALLAREA,G,BOTHSEX
Greece,2019,0.97866,ALLAGE,ALLAREA,G,FEMALE
Greece,2019,1.06989,ALLAGE,ALLAREA,G,MALE
Greece,2019,0.86905,ALLAGE,RURAL,G,BOTHSEX
Greece,2019,1.09535,ALLAGE,URBAN,G,BOTHSEX
Greece,2020,1.88845,ALLAGE,URBAN,G,BOTHSEX
Greece,2020,1.73718,ALLAGE,RURAL,G,BOTHSEX
Greece,2020,1.79057,ALLAGE,ALLAREA,G,FEMALE
Greece,2020,1.89583,ALLAGE,ALLAREA,G,MALE
Greece,2020,0.8,ALLAGE,ALLAREA,G,BOTHSEX
Guinea,2018,13.8,ALLAGE,ALLAREA,G,BOTHSEX
Guinea,2018,2.09626,ALLAGE,URBAN,G,BOTHSEX
Guinea,2018,20.23961,ALLAGE,RURAL,G,BOTHSEX
Guinea,2018,13.51346,ALLAGE,ALLAREA,G,MALE
Guinea,2018,14.09692,ALLAGE,ALLAREA,G,FEMALE
Honduras,2016,14.02861,ALLAGE,ALLAREA,G,FEMALE
Honduras,2016,25.98,ALLAGE,RURAL,G,BOTHSEX
Honduras,2016,15.2413,ALLAGE,ALLAREA,G,MALE
Honduras,2016,5.66472,ALLAGE,URBAN,G,BOTHSEX
Honduras,2016,14.6,ALLAGE,ALLAREA,G,BOTHSEX
Honduras,2017,13.9,ALLAGE,ALLAREA,G,BOTHSEX
Honduras,2017,13.86437,ALLAGE,ALLAREA,G,FEMALE
Honduras,2017,13.84587,ALLAGE,ALLAREA,G,MALE
Honduras,2017,26.82007,ALLAGE,RURAL,G,BOTHSEX
Honduras,2017,3.69031,ALLAGE,URBAN,G,BOTHSEX
Honduras,2018,14.32612,ALLAGE,ALLAREA,G,MALE
Honduras,2018,4.76004,ALLAGE,URBAN,G,BOTHSEX
Honduras,2018,14.1462,ALLAGE,ALLAREA,G,FEMALE
Honduras,2018,26.39968,ALLAGE,RURAL,G,BOTHSEX
Honduras,2018,14.2,ALLAGE,ALLAREA,G,BOTHSEX
Honduras,2019,12.7,ALLAGE,ALLAREA,G,BOTHSEX
Honduras,2019,12.37621,ALLAGE,ALLAREA,G,FEMALE
Honduras,2019,13.13749,ALLAGE,ALLAREA,G,MALE
Honduras,2019,24.15518,ALLAGE,RURAL,G,BOTHSEX
Honduras,2019,4.0414,ALLAGE,URBAN,G,BOTHSEX
Hungary,2016,1.3,ALLAGE,ALLAREA,G,BOTHSEX
Hungary,2016,2.1684,ALLAGE,ALLAREA,G,FEMALE
Hungary,2016,2.10819,ALLAGE,ALLAREA,G,MALE
Hungary,2016,1.66007,ALLAGE,RURAL,G,BOTHSEX
Hungary,2016,2.3736,ALLAGE,URBAN,G,BOTHSEX
Hungary,2017,0.73292,ALLAGE,ALLAREA,G,FEMALE
Hungary,2017,0.62316,ALLAGE,ALLAREA,G,MALE
Hungary,2017,0.87859,ALLAGE,RURAL,G,BOTHSEX
Hungary,2017,0.58314,ALLAGE,URBAN,G,BOTHSEX
Hungary,2017,0.6,ALLAGE,ALLAREA,G,BOTHSEX
Hungary,2018,0.2,ALLAGE,ALLAREA,G,BOTHSEX
Hungary,2018,0.32039,ALLAGE,ALLAREA,G,FEMALE
Hungary,2018,0.47317,ALLAGE,ALLAREA,G,MALE
Hungary,2018,0.19324,ALLAGE,RURAL,G,BOTHSEX
Hungary,2018,0.49335,ALLAGE,URBAN,G,BOTHSEX
Hungary,2019,0.29507,ALLAGE,ALLAREA,G,FEMALE
Hungary,2019,0.39829,ALLAGE,ALLAREA,G,MALE
Hungary,2019,0.29069,ALLAGE,RURAL,G,BOTHSEX
Hungary,2019,0.37013,ALLAGE,URBAN,G,BOTHSEX
Hungary,2019,0.3,ALLAGE,ALLAREA,G,BOTHSEX
Hungary,2020,0.4,ALLAGE,ALLAREA,G,BOTHSEX
Hungary,2020,0.40407,ALLAGE,ALLAREA,G,FEMALE
Hungary,2020,0.59729,ALLAGE,ALLAREA,G,MALE
Hungary,2020,0.29764,ALLAGE,RURAL,G,BOTHSEX
Hungary,2020,0.58852,ALLAGE,URBAN,G,BOTHSEX
Iceland,2016,0.0,ALLAGE,ALLAREA,G,BOTHSEX
Iceland,2016,0.22823,ALLAGE,ALLAREA,G,FEMALE
Iceland,2016,0.33412,ALLAGE,ALLAREA,G,MALE
Iceland,2016,0.29908,ALLAGE,RURAL,G,BOTHSEX
Iceland,2016,0.2762,ALLAGE,URBAN,G,BOTHSEX
Iceland,2017,0.169,ALLAGE,ALLAREA,G,FEMALE
Iceland,2017,0.22395,ALLAGE,ALLAREA,G,MALE
Iceland,2017,0.40027,ALLAGE,RURAL,G,BOTHSEX
Iceland,2017,0.14061,ALLAGE,URBAN,G,BOTHSEX
Iceland,2017,0.0,ALLAGE,ALLAREA,G,BOTHSEX
India,2016,18.1,ALLAGE,ALLAREA,G,BOTHSEX
India,2017,13.4,ALLAGE,ALLAREA,G,BOTHSEX
India,2018,11.1,ALLAGE,ALLAREA,G,BOTHSEX
India,2019,10.0,ALLAGE,ALLAREA,G,BOTHSEX
Indonesia,2016,7.85342,ALLAGE,ALLAREA,G,FEMALE
Indonesia,2016,7.37594,ALLAGE,ALLAREA,G,MALE
Indonesia,2016,9.55,ALLAGE,RURAL,G,BOTHSEX
Indonesia,2016,5.78509,ALLAGE,URBAN,G,BOTHSEX
Indonesia,2016,7.5,ALLAGE,ALLAREA,G,BOTHSEX
Indonesia,2017,6.6,ALLAGE,ALLAREA,G,BOTHSEX
Indonesia,2017,6.87485,ALLAGE,ALLAREA,G,FEMALE
Indonesia,2017,6.47362,ALLAGE,ALLAREA,G,MALE
Indonesia,2017,8.41584,ALLAGE,RURAL,G,BOTHSEX
Indonesia,2017,5.12732,ALLAGE,URBAN,G,BOTHSEX
Indonesia,2018,5.6254,ALLAGE,ALLAREA,G,FEMALE
Indonesia,2018,5.2644,ALLAGE,ALLAREA,G,MALE
Indonesia,2018,7.15678,ALLAGE,RURAL,G,BOTHSEX
Indonesia,2018,4.02537,ALLAGE,URBAN,G,BOTHSEX
Indonesia,2018,5.4,ALLAGE,ALLAREA,G,BOTHSEX
Indonesia,2019,4.4,ALLAGE,ALLAREA,G,BOTHSEX
Indonesia,2020,3.8,ALLAGE,ALLAREA,G,BOTHSEX
Indonesia,2020,3.72465,ALLAGE,ALLAREA,G,MALE
Indonesia,2020,5.08164,ALLAGE,RURAL,G,BOTHSEX
Indonesia,2020,2.87428,ALLAGE,URBAN,G,BOTHSEX
Indonesia,2020,3.97018,ALLAGE,ALLAREA,G,FEMALE
Indonesia,2021,3.67616,ALLAGE,ALLAREA,G,FEMALE
Indonesia,2021,3.43719,ALLAGE,ALLAREA,G,MALE
Indonesia,2021,4.62318,ALLAGE,RURAL,G,BOTHSEX
Indonesia,2021,2.74548,ALLAGE,URBAN,G,BOTHSEX
Indonesia,2021,3.5,ALLAGE,ALLAREA,G,BOTHSEX
Indonesia,2022,2.5,ALLAGE,ALLAREA,G,BOTHSEX
Indonesia,2022,2.54696,ALLAGE,ALLAREA,G,FEMALE
Indonesia,2022,2.41101,ALLAGE,ALLAREA,G,MALE
Indonesia,2022,3.11924,ALLAGE,RURAL,G,BOTHSEX
Indonesia,2022,2.00361,ALLAGE,URBAN,G,BOTHSEX
Iran (Islamic Republic of),2016,0.7,ALLAGE,ALLAREA,G,BOTHSEX
Iran (Islamic Republic of),2016,2.16273,ALLAGE,RURAL,G,BOTHSEX
Iran (Islamic Republic of),2016,0.72794,ALLAGE,ALLAREA,G,FEMALE
Iran (Islamic Republic of),2016,0.65887,ALLAGE,ALLAREA,G,MALE
Iran (Islamic Republic of),2016,0.14903,ALLAGE,URBAN,G,BOTHSEX
Iran (Islamic Republic of),2017,0.63409,ALLAGE,ALLAREA,G,FEMALE
Iran (Islamic Republic of),2017,0.62998,ALLAGE,ALLAREA,G,MALE
Iran (Islamic Republic of),2017,2.20704,ALLAGE,RURAL,G,BOTHSEX
Iran (Islamic Republic of),2017,0.09545,ALLAGE,URBAN,G,BOTHSEX
Iran (Islamic Republic of),2017,0.6,ALLAGE,ALLAREA,G,BOTHSEX
Iran (Islamic Republic of),2018,0.9,ALLAGE,ALLAREA,G,BOTHSEX
Iran (Islamic Republic of),2018,0.87704,ALLAGE,ALLAREA,G,FEMALE
Iran (Islamic Republic of),2018,2.81206,ALLAGE,RURAL,G,BOTHSEX
Iran (Islamic Republic of),2018,0.19878,ALLAGE,URBAN,G,BOTHSEX
Iran (Islamic Republic of),2018,0.83864,ALLAGE,ALLAREA,G,MALE
Iran (Islamic Republic of),2019,0.98894,ALLAGE,ALLAREA,G,FEMALE
Iran (Islamic Republic of),2019,0.95351,ALLAGE,ALLAREA,G,MALE
Iran (Islamic Republic of),2019,3.05471,ALLAGE,RURAL,G,BOTHSEX
Iran (Islamic Republic of),2019,0.28448,ALLAGE,URBAN,G,BOTHSEX
Iran (Islamic Republic of),2019,1.0,ALLAGE,ALLAREA,G,BOTHSEX
Ireland,2016,0.1,ALLAGE,ALLAREA,G,BOTHSEX
Ireland,2016,0.15742,ALLAGE,URBAN,G,BOTHSEX
Ireland,2016,0.10099,ALLAGE,RURAL,G,BOTHSEX
Ireland,2016,0.12876,ALLAGE,ALLAREA,G,MALE
Ireland,2016,0.14058,ALLAGE,ALLAREA,G,FEMALE
Ireland,2017,0.26071,ALLAGE,ALLAREA,G,MALE
Ireland,2017,0.19328,ALLAGE,RURAL,G,BOTHSEX
Ireland,2017,0.226,ALLAGE,ALLAREA,G,FEMALE
Ireland,2017,0.27729,ALLAGE,URBAN,G,BOTHSEX
Ireland,2017,0.2,ALLAGE,ALLAREA,G,BOTHSEX
Ireland,2018,0.0,ALLAGE,ALLAREA,G,BOTHSEX
Ireland,2018,0.00792,ALLAGE,ALLAREA,G,MALE
Ireland,2018,0.0,ALLAGE,URBAN,G,BOTHSEX
Ireland,2018,0.00964,ALLAGE,RURAL,G,BOTHSEX
Ireland,2018,0.0,ALLAGE,ALLAREA,G,FEMALE
Ireland,2019,0.08364,ALLAGE,ALLAREA,G,FEMALE
Ireland,2019,0.03188,ALLAGE,ALLAREA,G,MALE
Ireland,2019,0.01946,ALLAGE,URBAN,G,BOTHSEX
Ireland,2019,0.11705,ALLAGE,RURAL,G,BOTHSEX
Ireland,2019,0.1,ALLAGE,ALLAREA,G,BOTHSEX
Ireland,2020,0.1,ALLAGE,ALLAREA,G,BOTHSEX
Ireland,2020,0.19191,ALLAGE,ALLAREA,G,FEMALE
Ireland,2020,0.10854,ALLAGE,URBAN,G,BOTHSEX
Ireland,2020,0.19978,ALLAGE,RURAL,G,BOTHSEX
Ireland,2020,0.09574,ALLAGE,ALLAREA,G,MALE
Israel,2016,0.2,ALLAGE,ALLAREA,G,BOTHSEX
Israel,2017,0.5,ALLAGE,ALLAREA,G,BOTHSEX
Israel,2018,0.5,ALLAGE,ALLAREA,G,BOTHSEX
Italy,2016,1.85591,ALLAGE,URBAN,G,BOTHSEX
Italy,2016,1.38775,ALLAGE,RURAL,G,BOTHSEX
Italy,2016,1.74967,ALLAGE,ALLAREA,G,MALE
Italy,2016,1.7315,ALLAGE,ALLAREA,G,FEMALE
Italy,2016,1.6,ALLAGE,ALLAREA,G,BOTHSEX
Italy,2017,1.4,ALLAGE,ALLAREA,G,BOTHSEX
Italy,2017,1.7495,ALLAGE,URBAN,G,BOTHSEX
Italy,2017,1.01732,ALLAGE,RURAL,G,BOTHSEX
Italy,2017,1.54365,ALLAGE,ALLAREA,G,MALE
Italy,2017,1.59461,ALLAGE,ALLAREA,G,FEMALE
Italy,2018,1.50154,ALLAGE,URBAN,G,BOTHSEX
Italy,2018,2.04213,ALLAGE,RURAL,G,BOTHSEX
Italy,2018,1.59976,ALLAGE,ALLAREA,G,MALE
Italy,2018,1.59028,ALLAGE,ALLAREA,G,FEMALE
Italy,2018,1.5,ALLAGE,ALLAREA,G,BOTHSEX
Italy,2019,1.0,ALLAGE,ALLAREA,G,BOTHSEX
Italy,2019,1.12854,ALLAGE,ALLAREA,G,FEMALE
Italy,2019,1.12652,ALLAGE,ALLAREA,G,MALE
Italy,2019,1.17136,ALLAGE,URBAN,G,BOTHSEX
Italy,2019,0.93144,ALLAGE,RURAL,G,BOTHSEX
Italy,2020,0.95809,ALLAGE,URBAN,G,BOTHSEX
Italy,2020,1.01288,ALLAGE,RURAL,G,BOTHSEX
Italy,2020,1.00626,ALLAGE,ALLAREA,G,MALE
Italy,2020,0.93149,ALLAGE,ALLAREA,G,FEMALE
Italy,2020,0.8,ALLAGE,ALLAREA,G,BOTHSEX
Côte d'Ivoire,2018,11.4,ALLAGE,ALLAREA,G,BOTHSEX
Côte d'Ivoire,2018,11.29193,ALLAGE,ALLAREA,G,MALE
Côte d'Ivoire,2018,11.60167,ALLAGE,ALLAREA,G,FEMALE
Côte d'Ivoire,2018,5.07826,ALLAGE,URBAN,G,BOTHSEX
Côte d'Ivoire,2018,18.00724,ALLAGE,RURAL,G,BOTHSEX
Kazakhstan,2016,0.03535,ALLAGE,URBAN,G,BOTHSEX
Kazakhstan,2016,0.07062,ALLAGE,RURAL,G,BOTHSEX
Kazakhstan,2016,0.05592,ALLAGE,ALLAREA,G,MALE
Kazakhstan,2016,0.04591,ALLAGE,ALLAREA,G,FEMALE
Kazakhstan,2016,0.1,ALLAGE,ALLAREA,G,BOTHSEX
Kazakhstan,2017,0.0,ALLAGE,ALLAREA,G,BOTHSEX
Kazakhstan,2017,0.06987,ALLAGE,RURAL,G,BOTHSEX
Kazakhstan,2017,0.03056,ALLAGE,ALLAREA,G,MALE
Kazakhstan,2017,0.02028,ALLAGE,URBAN,G,BOTHSEX
Kazakhstan,2017,0.05082,ALLAGE,ALLAREA,G,FEMALE
Kazakhstan,2018,0.0033,ALLAGE,URBAN,G,BOTHSEX
Kazakhstan,2018,0.0311,ALLAGE,RURAL,G,BOTHSEX
Kazakhstan,2018,0.01272,ALLAGE,ALLAREA,G,MALE
Kazakhstan,2018,0.0172,ALLAGE,ALLAREA,G,FEMALE
Kazakhstan,2018,0.0,ALLAGE,ALLAREA,G,BOTHSEX
Republic of Korea,2016,0.2,ALLAGE,ALLAREA,G,BOTHSEX
Kyrgyzstan,2016,1.12178,ALLAGE,ALLAREA,G,FEMALE
Kyrgyzstan,2016,1.12778,ALLAGE,URBAN,G,BOTHSEX
Kyrgyzstan,2016,1.1521,ALLAGE,RURAL,G,BOTHSEX
Kyrgyzstan,2016,1.1675,ALLAGE,ALLAREA,G,MALE
Kyrgyzstan,2016,1.1,ALLAGE,ALLAREA,G,BOTHSEX
Kyrgyzstan,2017,1.3,ALLAGE,ALLAREA,G,BOTHSEX
Kyrgyzstan,2017,1.728,ALLAGE,RURAL,G,BOTHSEX
Kyrgyzstan,2017,1.20582,ALLAGE,ALLAREA,G,FEMALE
Kyrgyzstan,2017,1.33782,ALLAGE,ALLAREA,G,MALE
Kyrgyzstan,2017,0.42663,ALLAGE,URBAN,G,BOTHSEX
Kyrgyzstan,2018,0.99607,ALLAGE,RURAL,G,BOTHSEX
Kyrgyzstan,2018,0.26013,ALLAGE,URBAN,G,BOTHSEX
Kyrgyzstan,2018,0.75253,ALLAGE,ALLAREA,G,MALE
Kyrgyzstan,2018,0.72104,ALLAGE,ALLAREA,G,FEMALE
Kyrgyzstan,2018,0.7,ALLAGE,ALLAREA,G,BOTHSEX
Kyrgyzstan,2019,0.7,ALLAGE,ALLAREA,G,BOTHSEX
Kyrgyzstan,2019,0.71049,ALLAGE,ALLAREA,G,FEMALE
Kyrgyzstan,2019,0.89704,ALLAGE,RURAL,G,BOTHSEX
Kyrgyzstan,2019,0.60113,ALLAGE,ALLAREA,G,MALE
Kyrgyzstan,2019,0.23165,ALLAGE,URBAN,G,BOTHSEX
Kyrgyzstan,2020,1.91616,ALLAGE,RURAL,G,BOTHSEX
Kyrgyzstan,2020,0.29469,ALLAGE,URBAN,G,BOTHSEX
Kyrgyzstan,2020,1.34321,ALLAGE,ALLAREA,G,MALE
Kyrgyzstan,2020,1.31996,ALLAGE,ALLAREA,G,FEMALE
Kyrgyzstan,2020,1.3,ALLAGE,ALLAREA,G,BOTHSEX
Lao People's Democratic Republic,2018,7.12222,ALLAGE,ALLAREA,G,FEMALE
Lao People's Democratic Republic,2018,2.20532,ALLAGE,URBAN,G,BOTHSEX
Lao People's Democratic Republic,2018,7.15487,ALLAGE,ALLAREA,G,MALE
Lao People's Democratic Republic,2018,9.51786,ALLAGE,RURAL,G,BOTHSEX
Lao People's Democratic Republic,2018,7.1,ALLAGE,ALLAREA,G,BOTHSEX
Lesotho,2017,32.4,ALLAGE,ALLAREA,G,BOTHSEX
Lesotho,2017,32.70934,ALLAGE,ALLAREA,G,FEMALE
Lesotho,2017,32.07611,ALLAGE,ALLAREA,G,MALE
Lesotho,2017,41.23667,ALLAGE,RURAL,G,BOTHSEX
Lesotho,2017,15.37252,ALLAGE,URBAN,G,BOTHSEX
Latvia,2016,0.6,ALLAGE,ALLAREA,G,BOTHSEX
Latvia,2016,0.77119,ALLAGE,URBAN,G,BOTHSEX
Latvia,2016,1.79226,ALLAGE,RURAL,G,BOTHSEX
Latvia,2016,1.43952,ALLAGE,ALLAREA,G,MALE
Latvia,2016,0.90495,ALLAGE,ALLAREA,G,FEMALE
Latvia,2017,0.94069,ALLAGE,URBAN,G,BOTHSEX
Latvia,2017,1.30415,ALLAGE,RURAL,G,BOTHSEX
Latvia,2017,1.10919,ALLAGE,ALLAREA,G,MALE
Latvia,2017,1.0476,ALLAGE,ALLAREA,G,FEMALE
Latvia,2017,0.8,ALLAGE,ALLAREA,G,BOTHSEX
Latvia,2018,0.4,ALLAGE,ALLAREA,G,BOTHSEX
Latvia,2018,0.4856,ALLAGE,ALLAREA,G,FEMALE
Latvia,2018,0.81967,ALLAGE,ALLAREA,G,MALE
Latvia,2018,0.43787,ALLAGE,URBAN,G,BOTHSEX
Latvia,2018,0.98004,ALLAGE,RURAL,G,BOTHSEX
Latvia,2019,0.74523,ALLAGE,ALLAREA,G,MALE
Latvia,2019,0.35971,ALLAGE,URBAN,G,BOTHSEX
Latvia,2019,0.84726,ALLAGE,RURAL,G,BOTHSEX
Latvia,2019,0.37281,ALLAGE,ALLAREA,G,FEMALE
Latvia,2019,0.2,ALLAGE,ALLAREA,G,BOTHSEX
Latvia,2020,0.5,ALLAGE,ALLAREA,G,BOTHSEX
Latvia,2020,1.15652,ALLAGE,RURAL,G,BOTHSEX
Latvia,2020,0.74624,ALLAGE,ALLAREA,G,MALE
Latvia,2020,0.63844,ALLAGE,ALLAREA,G,FEMALE
Latvia,2020,0.43618,ALLAGE,URBAN,G,BOTHSEX
Liberia,2016,12.496,ALLAGE,URBAN,G,BOTHSEX
Liberia,2016,45.11454,ALLAGE,RURAL,G,BOTHSEX
Liberia,2016,28.04016,ALLAGE,ALLAREA,G,MALE
Liberia,2016,27.211,ALLAGE,ALLAREA,G,FEMALE
Liberia,2016,27.6,ALLAGE,ALLAREA,G,BOTHSEX
Lithuania,2016,1.90357,ALLAGE,ALLAREA,G,MALE
Lithuania,2016,1.01289,ALLAGE,ALLAREA,G,FEMALE
Lithuania,2016,0.26274,ALLAGE,URBAN,G,BOTHSEX
Lithuania,2016,2.37842,ALLAGE,RURAL,G,BOTHSEX
Lithuania,2016,1.3,ALLAGE,ALLAREA,G,BOTHSEX
Lithuania,2017,1.0,ALLAGE,ALLAREA,G,BOTHSEX
Lithuania,2017,0.38556,ALLAGE,URBAN,G,BOTHSEX
Lithuania,2017,1.75059,ALLAGE,RURAL,G,BOTHSEX
Lithuania,2017,1.02486,ALLAGE,ALLAREA,G,MALE
Lithuania,2017,1.21349,ALLAGE,ALLAREA,G,FEMALE
Lithuania,2018,1.09627,ALLAGE,RURAL,G,BOTHSEX
Lithuania,2018,1.11056,ALLAGE,ALLAREA,G,MALE
Lithuania,2018,0.9746,ALLAGE,ALLAREA,G,FEMALE
Lithuania,2018,0.96691,ALLAGE,URBAN,G,BOTHSEX
Lithuania,2018,0.9,ALLAGE,ALLAREA,G,BOTHSEX
Lithuania,2019,0.5,ALLAGE,ALLAREA,G,BOTHSEX
Lithuania,2019,0.76558,ALLAGE,RURAL,G,BOTHSEX
Lithuania,2019,0.7643,ALLAGE,ALLAREA,G,MALE
Lithuania,2019,0.49771,ALLAGE,ALLAREA,G,FEMALE
Lithuania,2019,0.50527,ALLAGE,URBAN,G,BOTHSEX
Lithuania,2020,0.32475,ALLAGE,ALLAREA,G,MALE
Lithuania,2020,0.1536,ALLAGE,ALLAREA,G,FEMALE
Lithuania,2020,0.22684,ALLAGE,URBAN,G,BOTHSEX
Lithuania,2020,0.24101,ALLAGE,RURAL,G,BOTHSEX
Lithuania,2020,0.2,ALLAGE,ALLAREA,G,BOTHSEX
Luxembourg,2016,0.58113,ALLAGE,ALLAREA,G,MALE
Luxembourg,2016,0.38087,ALLAGE,ALLAREA,G,FEMALE
Luxembourg,2016,0.50186,ALLAGE,RURAL,G,BOTHSEX
Luxembourg,2016,0.46359,ALLAGE,URBAN,G,BOTHSEX
Luxembourg,2016,0.1,ALLAGE,ALLAREA,G,BOTHSEX
Luxembourg,2017,0.3,ALLAGE,ALLAREA,G,BOTHSEX
Luxembourg,2017,0.87007,ALLAGE,ALLAREA,G,MALE
Luxembourg,2017,0.6696,ALLAGE,ALLAREA,G,FEMALE
Luxembourg,2017,0.66019,ALLAGE,RURAL,G,BOTHSEX
Luxembourg,2017,0.86791,ALLAGE,URBAN,G,BOTHSEX
Luxembourg,2018,0.62727,ALLAGE,URBAN,G,BOTHSEX
Luxembourg,2018,0.44878,ALLAGE,RURAL,G,BOTHSEX
Luxembourg,2018,0.57563,ALLAGE,ALLAREA,G,MALE
Luxembourg,2018,0.54448,ALLAGE,ALLAREA,G,FEMALE
Luxembourg,2018,0.3,ALLAGE,ALLAREA,G,BOTHSEX
Luxembourg,2019,0.1,ALLAGE,ALLAREA,G,BOTHSEX
Luxembourg,2019,0.4576,ALLAGE,URBAN,G,BOTHSEX
Luxembourg,2019,0.31359,ALLAGE,RURAL,G,BOTHSEX
Luxembourg,2019,0.42148,ALLAGE,ALLAREA,G,MALE
Luxembourg,2019,0.39877,ALLAGE,ALLAREA,G,FEMALE
Luxembourg,2020,0.13183,ALLAGE,URBAN,G,BOTHSEX
Luxembourg,2020,0.0,ALLAGE,ALLAREA,G,BOTHSEX
Luxembourg,2020,0.10591,ALLAGE,RURAL,G,BOTHSEX
Luxembourg,2020,0.10599,ALLAGE,ALLAREA,G,MALE
Luxembourg,2020,0.14127,ALLAGE,ALLAREA,G,FEMALE
Malawi,2016,20.78775,ALLAGE,URBAN,G,BOTHSEX
Malawi,2016,76.25504,ALLAGE,RURAL,G,BOTHSEX
Malawi,2016,65.20436,ALLAGE,ALLAREA,G,MALE
Malawi,2016,66.22609,ALLAGE,ALLAREA,G,FEMALE
Malawi,2016,65.7,ALLAGE,ALLAREA,G,BOTHSEX
Malawi,2019,70.1,ALLAGE,ALLAREA,G,BOTHSEX
Malawi,2019,30.01025,ALLAGE,URBAN,G,BOTHSEX
Malawi,2019,77.46366,ALLAGE,RURAL,G,BOTHSEX
Malawi,2019,69.37602,ALLAGE,ALLAREA,G,MALE
Malawi,2019,70.69426,ALLAGE,ALLAREA,G,FEMALE
Malaysia,2018,0.0,ALLAGE,ALLAREA,G,BOTHSEX
Malaysia,2018,0.01432,ALLAGE,ALLAREA,G,FEMALE
Malaysia,2018,0.01147,ALLAGE,URBAN,G,BOTHSEX
Malaysia,2018,0.00939,ALLAGE,RURAL,G,BOTHSEX
Malaysia,2018,0.00776,ALLAGE,ALLAREA,G,MALE
Maldives,2016,0.0,ALLAGE,ALLAREA,G,BOTHSEX
Maldives,2019,0.0,ALLAGE,ALLAREA,G,BOTHSEX
Maldives,2019,0.0,ALLAGE,ALLAREA,G,MALE
Maldives,2019,0.0,ALLAGE,URBAN,G,BOTHSEX
Maldives,2019,0.0,ALLAGE,RURAL,G,BOTHSEX
Maldives,2019,0.0,ALLAGE,ALLAREA,G,FEMALE
Mali,2018,14.8,ALLAGE,ALLAREA,G,BOTHSEX
Mali,2018,14.90113,ALLAGE,ALLAREA,G,MALE
Mali,2018,14.68603,ALLAGE,ALLAREA,G,FEMALE
Mali,2018,18.93999,ALLAGE,RURAL,G,BOTHSEX
Mali,2018,2.98402,ALLAGE,URBAN,G,BOTHSEX
Malta,2016,0.14013,ALLAGE,URBAN,G,BOTHSEX
Malta,2016,0.21448,ALLAGE,ALLAREA,G,MALE
Malta,2016,0.06425,ALLAGE,ALLAREA,G,FEMALE
Malta,2016,0.1,ALLAGE,ALLAREA,G,BOTHSEX
Malta,2017,0.2,ALLAGE,ALLAREA,G,BOTHSEX
Malta,2017,0.15989,ALLAGE,URBAN,G,BOTHSEX
Malta,2017,0.16634,ALLAGE,ALLAREA,G,MALE
Malta,2017,0.15324,ALLAGE,ALLAREA,G,FEMALE
Malta,2018,0.25454,ALLAGE,ALLAREA,G,MALE
Malta,2018,0.10949,ALLAGE,ALLAREA,G,FEMALE
Malta,2018,0.18374,ALLAGE,URBAN,G,BOTHSEX
Malta,2018,0.1,ALLAGE,ALLAREA,G,BOTHSEX
Malta,2019,0.3,ALLAGE,ALLAREA,G,BOTHSEX
Malta,2019,0.34974,ALLAGE,URBAN,G,BOTHSEX
Malta,2019,0.48748,ALLAGE,ALLAREA,G,MALE
Malta,2019,0.2019,ALLAGE,ALLAREA,G,FEMALE
Malta,2020,0.62427,ALLAGE,ALLAREA,G,MALE
Malta,2020,0.34826,ALLAGE,ALLAREA,G,FEMALE
Malta,2020,0.4916,ALLAGE,URBAN,G,BOTHSEX
Malta,2020,0.3,ALLAGE,ALLAREA,G,BOTHSEX
Mauritius,2017,0.11041,ALLAGE,ALLAREA,G,MALE
Mauritius,2017,0.13963,ALLAGE,ALLAREA,G,FEMALE
Mauritius,2017,0.12531,ALLAGE,URBAN,G,BOTHSEX
Mauritius,2017,0.1,ALLAGE,ALLAREA,G,BOTHSEX
Mexico,2016,3.2,ALLAGE,ALLAREA,G,BOTHSEX
Mexico,2016,1.93623,ALLAGE,URBAN,G,BOTHSEX
Mexico,2016,7.55473,ALLAGE,RURAL,G,BOTHSEX
Mexico,2016,3.27333,ALLAGE,ALLAREA,G,MALE
Mexico,2016,3.16014,ALLAGE,ALLAREA,G,FEMALE
Mexico,2018,2.61303,ALLAGE,ALLAREA,G,FEMALE
Mexico,2018,1.37777,ALLAGE,URBAN,G,BOTHSEX
Mexico,2018,6.56361,ALLAGE,RURAL,G,BOTHSEX
Mexico,2018,2.64669,ALLAGE,ALLAREA,G,MALE
Mexico,2018,2.6,ALLAGE,ALLAREA,G,BOTHSEX
Mexico,2020,3.1,ALLAGE,ALLAREA,G,BOTHSEX
Mexico,2020,2.25525,ALLAGE,URBAN,G,BOTHSEX
Mexico,2020,5.96214,ALLAGE,RURAL,G,BOTHSEX
Mexico,2020,3.11148,ALLAGE,ALLAREA,G,MALE
Mexico,2020,3.08926,ALLAGE,ALLAREA,G,FEMALE
Mongolia,2016,0.7,ALLAGE,ALLAREA,G,BOTHSEX
Mongolia,2016,0.77921,ALLAGE,URBAN,G,BOTHSEX
Mongolia,2016,0.55313,ALLAGE,RURAL,G,BOTHSEX
Mongolia,2016,0.68311,ALLAGE,ALLAREA,G,MALE
Mongolia,2016,0.72847,ALLAGE,ALLAREA,G,FEMALE
Mongolia,2018,0.72218,ALLAGE,ALLAREA,G,FEMALE
Mongolia,2018,0.94746,ALLAGE,URBAN,G,BOTHSEX
Mongolia,2018,0.24729,ALLAGE,RURAL,G,BOTHSEX
Mongolia,2018,0.7004,ALLAGE,ALLAREA,G,MALE
Mongolia,2018,0.7,ALLAGE,ALLAREA,G,BOTHSEX
Republic of Moldova,2016,0.11164,ALLAGE,ALLAREA,G,FEMALE
Republic of Moldova,2016,0.0,ALLAGE,URBAN,G,BOTHSEX
Republic of Moldova,2016,0.19076,ALLAGE,RURAL,G,BOTHSEX
Republic of Moldova,2016,0.11271,ALLAGE,ALLAREA,G,MALE
Republic of Moldova,2016,0.1,ALLAGE,ALLAREA,G,BOTHSEX
Republic of Moldova,2017,0.0,ALLAGE,ALLAREA,G,BOTHSEX
Republic of Moldova,2017,0.0,ALLAGE,ALLAREA,G,FEMALE
Republic of Moldova,2017,0.0,ALLAGE,RURAL,G,BOTHSEX
Republic of Moldova,2017,0.0,ALLAGE,ALLAREA,G,MALE
Republic of Moldova,2017,0.0,ALLAGE,URBAN,G,BOTHSEX
Republic of Moldova,2018,0.0,ALLAGE,URBAN,G,BOTHSEX
Republic of Moldova,2018,0.0,ALLAGE,RURAL,G,BOTHSEX
Republic of Moldova,2018,0.0,ALLAGE,ALLAREA,G,MALE
Republic of Moldova,2018,0.0,ALLAGE,ALLAREA,G,FEMALE
Republic of Moldova,2018,0.0,ALLAGE,ALLAREA,G,BOTHSEX
Republic of Moldova,2019,0.0,ALLAGE,ALLAREA,G,BOTHSEX
Republic of Moldova,2019,0.0,ALLAGE,URBAN,G,BOTHSEX
Republic of Moldova,2019,0.04756,ALLAGE,RURAL,G,BOTHSEX
Republic of Moldova,2019,0.04092,ALLAGE,ALLAREA,G,MALE
Republic of Moldova,2019,0.0179,ALLAGE,ALLAREA,G,FEMALE
Republic of Moldova,2021,0.0,ALLAGE,RURAL,G,BOTHSEX
Republic of Moldova,2021,0.0,ALLAGE,ALLAREA,G,MALE
Republic of Moldova,2021,0.0,ALLAGE,ALLAREA,G,FEMALE
Republic of Moldova,2021,0.0,ALLAGE,URBAN,G,BOTHSEX
Republic of Moldova,2021,0.0,ALLAGE,ALLAREA,G,BOTHSEX
Montenegro,2016,4.82791,ALLAGE,RURAL,G,BOTHSEX
Montenegro,2016,1.87255,ALLAGE,URBAN,G,BOTHSEX
Montenegro,2016,3.09465,ALLAGE,ALLAREA,G,MALE
Montenegro,2016,2.73793,ALLAGE,ALLAREA,G,FEMALE
Montenegro,2016,2.5,ALLAGE,ALLAREA,G,BOTHSEX
Montenegro,2017,3.3,ALLAGE,ALLAREA,G,BOTHSEX
Montenegro,2017,2.91836,ALLAGE,URBAN,G,BOTHSEX
Montenegro,2017,5.92658,ALLAGE,RURAL,G,BOTHSEX
Montenegro,2017,3.83513,ALLAGE,ALLAREA,G,MALE
Montenegro,2017,4.14393,ALLAGE,ALLAREA,G,FEMALE
Montenegro,2018,1.76243,ALLAGE,URBAN,G,BOTHSEX
Montenegro,2018,2.87483,ALLAGE,ALLAREA,G,FEMALE
Montenegro,2018,4.9446,ALLAGE,RURAL,G,BOTHSEX
Montenegro,2018,2.91803,ALLAGE,ALLAREA,G,MALE
Montenegro,2018,2.8,ALLAGE,ALLAREA,G,BOTHSEX
Netherlands (Kingdom of the),2016,0.50036,ALLAGE,ALLAREA,G,MALE
Netherlands (Kingdom of the),2016,0.31382,ALLAGE,ALLAREA,G,FEMALE
Netherlands (Kingdom of the),2016,0.0,ALLAGE,ALLAREA,G,BOTHSEX
Netherlands (Kingdom of the),2017,0.2,ALLAGE,ALLAREA,G,BOTHSEX
Netherlands (Kingdom of the),2017,0.62382,ALLAGE,ALLAREA,G,MALE
Netherlands (Kingdom of the),2017,0.40307,ALLAGE,ALLAREA,G,FEMALE
Netherlands (Kingdom of the),2018,0.40847,ALLAGE,ALLAREA,G,MALE
Netherlands (Kingdom of the),2018,0.34283,ALLAGE,ALLAREA,G,FEMALE
Netherlands (Kingdom of the),2018,0.1,ALLAGE,ALLAREA,G,BOTHSEX
Netherlands (Kingdom of the),2019,0.1,ALLAGE,ALLAREA,G,BOTHSEX
Netherlands (Kingdom of the),2019,0.25162,ALLAGE,ALLAREA,G,MALE
Netherlands (Kingdom of the),2019,0.22902,ALLAGE,ALLAREA,G,FEMALE
Netherlands (Kingdom of the),2020,0.38687,ALLAGE,ALLAREA,G,MALE
Netherlands (Kingdom of the),2020,0.26883,ALLAGE,ALLAREA,G,FEMALE
Netherlands (Kingdom of the),2020,0.0,ALLAGE,ALLAREA,G,BOTHSEX
Vanuatu,2019,10.0,ALLAGE,ALLAREA,G,BOTHSEX
Vanuatu,2019,0.70522,ALLAGE,URBAN,G,BOTHSEX
Vanuatu,2019,13.24134,ALLAGE,RURAL,G,BOTHSEX
Niger,2018,50.6,ALLAGE,ALLAREA,G,BOTHSEX
Niger,2018,13.13433,ALLAGE,URBAN,G,BOTHSEX
Niger,2018,58.30319,ALLAGE,RURAL,G,BOTHSEX
Niger,2018,50.7809,ALLAGE,ALLAREA,G,MALE
Niger,2018,50.49738,ALLAGE,ALLAREA,G,FEMALE
Nigeria,2018,30.9,ALLAGE,ALLAREA,G,BOTHSEX
Nigeria,2018,11.56211,ALLAGE,URBAN,G,BOTHSEX
Nigeria,2018,41.37388,ALLAGE,RURAL,G,BOTHSEX
Nigeria,2018,30.79854,ALLAGE,ALLAREA,G,MALE
Nigeria,2018,30.92611,ALLAGE,ALLAREA,G,FEMALE
Norway,2016,0.49373,ALLAGE,ALLAREA,G,MALE
Norway,2016,0.52885,ALLAGE,ALLAREA,G,FEMALE
Norway,2016,0.55706,ALLAGE,URBAN,G,BOTHSEX
Norway,2016,0.41309,ALLAGE,RURAL,G,BOTHSEX
Norway,2016,0.3,ALLAGE,ALLAREA,G,BOTHSEX
Norway,2017,0.3,ALLAGE,ALLAREA,G,BOTHSEX
Norway,2017,0.49425,ALLAGE,URBAN,G,BOTHSEX
Norway,2017,0.32333,ALLAGE,RURAL,G,BOTHSEX
Norway,2017,0.57434,ALLAGE,ALLAREA,G,MALE
Norway,2017,0.30628,ALLAGE,ALLAREA,G,FEMALE
Norway,2018,0.51348,ALLAGE,URBAN,G,BOTHSEX
Norway,2018,0.37194,ALLAGE,RURAL,G,BOTHSEX
Norway,2018,0.60343,ALLAGE,ALLAREA,G,MALE
Norway,2018,0.33212,ALLAGE,ALLAREA,G,FEMALE
Norway,2018,0.3,ALLAGE,ALLAREA,G,BOTHSEX
Norway,2019,0.2,ALLAGE,ALLAREA,G,BOTHSEX
Norway,2019,0.42213,ALLAGE,URBAN,G,BOTHSEX
Norway,2019,0.06728,ALLAGE,RURAL,G,BOTHSEX
Norway,2019,0.37035,ALLAGE,ALLAREA,G,MALE
Norway,2019,0.27141,ALLAGE,ALLAREA,G,FEMALE
Marshall Islands,2019,0.9,ALLAGE,ALLAREA,G,BOTHSEX
Marshall Islands,2019,0.21697,ALLAGE,URBAN,G,BOTHSEX
Marshall Islands,2019,2.76388,ALLAGE,RURAL,G,BOTHSEX
Pakistan,2018,4.9,ALLAGE,ALLAREA,G,BOTHSEX
Pakistan,2018,1.74893,ALLAGE,URBAN,G,BOTHSEX
Pakistan,2018,6.75432,ALLAGE,RURAL,G,BOTHSEX
Pakistan,2018,5.04663,ALLAGE,ALLAREA,G,FEMALE
Pakistan,2018,4.81676,ALLAGE,ALLAREA,G,MALE
Panama,2016,1.5,ALLAGE,ALLAREA,G,BOTHSEX
Panama,2017,2.1,ALLAGE,ALLAREA,G,BOTHSEX
Panama,2018,1.4,ALLAGE,ALLAREA,G,BOTHSEX
Panama,2019,1.0,ALLAGE,ALLAREA,G,BOTHSEX
Panama,2021,1.1,ALLAGE,ALLAREA,G,BOTHSEX
Panama,2021,0.66675,ALLAGE,URBAN,G,BOTHSEX
Panama,2021,2.12757,ALLAGE,RURAL,G,BOTHSEX
Panama,2021,1.18278,ALLAGE,ALLAREA,G,FEMALE
Panama,2021,1.03161,ALLAGE,ALLAREA,G,MALE
Paraguay,2016,3.67594,ALLAGE,RURAL,G,BOTHSEX
Paraguay,2016,1.69747,ALLAGE,ALLAREA,G,MALE
Paraguay,2016,1.69104,ALLAGE,ALLAREA,G,FEMALE
Paraguay,2016,0.43078,ALLAGE,URBAN,G,BOTHSEX
Paraguay,2016,1.7,ALLAGE,ALLAREA,G,BOTHSEX
Paraguay,2017,1.0,ALLAGE,ALLAREA,G,BOTHSEX
Paraguay,2017,0.99596,ALLAGE,ALLAREA,G,FEMALE
Paraguay,2017,0.96721,ALLAGE,ALLAREA,G,MALE
Paraguay,2017,2.11146,ALLAGE,RURAL,G,BOTHSEX
Paraguay,2017,0.27345,ALLAGE,URBAN,G,BOTHSEX
Paraguay,2018,1.39219,ALLAGE,ALLAREA,G,FEMALE
Paraguay,2018,1.42088,ALLAGE,ALLAREA,G,MALE
Paraguay,2018,2.94419,ALLAGE,RURAL,G,BOTHSEX
Paraguay,2018,0.46198,ALLAGE,URBAN,G,BOTHSEX
Paraguay,2018,1.4,ALLAGE,ALLAREA,G,BOTHSEX
Paraguay,2019,1.0,ALLAGE,ALLAREA,G,BOTHSEX
Paraguay,2019,1.12636,ALLAGE,ALLAREA,G,FEMALE
Paraguay,2019,0.89896,ALLAGE,ALLAREA,G,MALE
Paraguay,2019,1.93269,ALLAGE,RURAL,G,BOTHSEX
Paraguay,2019,0.45668,ALLAGE,URBAN,G,BOTHSEX
Paraguay,2020,0.76313,ALLAGE,ALLAREA,G,FEMALE
Paraguay,2020,0.86255,ALLAGE,ALLAREA,G,MALE
Paraguay,2020,0.99358,ALLAGE,RURAL,G,BOTHSEX
Paraguay,2020,0.70676,ALLAGE,URBAN,G,BOTHSEX
Paraguay,2020,0.8,ALLAGE,ALLAREA,G,BOTHSEX
Paraguay,2021,0.7,ALLAGE,ALLAREA,G,BOTHSEX
Paraguay,2021,0.76195,ALLAGE,ALLAREA,G,FEMALE
Paraguay,2021,0.6176,ALLAGE,ALLAREA,G,MALE
Paraguay,2021,1.68682,ALLAGE,RURAL,G,BOTHSEX
Paraguay,2021,0.10579,ALLAGE,URBAN,G,BOTHSEX
Peru,2016,4.6,ALLAGE,ALLAREA,G,BOTHSEX
Peru,2016,4.59815,ALLAGE,ALLAREA,G,FEMALE
Peru,2016,4.59412,ALLAGE,ALLAREA,G,MALE
Peru,2016,16.32838,ALLAGE,RURAL,G,BOTHSEX
Peru,2016,1.09035,ALLAGE,URBAN,G,BOTHSEX
Peru,2017,4.51784,ALLAGE,ALLAREA,G,FEMALE
Peru,2017,4.47526,ALLAGE,ALLAREA,G,MALE
Peru,2017,16.6868,ALLAGE,RURAL,G,BOTHSEX
Peru,2017,0.97056,ALLAGE,URBAN,G,BOTHSEX
Peru,2017,4.5,ALLAGE,ALLAREA,G,BOTHSEX
Peru,2018,3.6,ALLAGE,ALLAREA,G,BOTHSEX
Peru,2018,3.56165,ALLAGE,ALLAREA,G,FEMALE
Peru,2018,3.58916,ALLAGE,ALLAREA,G,MALE
Peru,2018,12.97027,ALLAGE,RURAL,G,BOTHSEX
Peru,2018,0.93832,ALLAGE,URBAN,G,BOTHSEX
Peru,2019,2.99617,ALLAGE,ALLAREA,G,FEMALE
Peru,2019,2.99431,ALLAGE,ALLAREA,G,MALE
Peru,2019,11.06907,ALLAGE,RURAL,G,BOTHSEX
Peru,2019,0.78942,ALLAGE,URBAN,G,BOTHSEX
Peru,2019,3.0,ALLAGE,ALLAREA,G,BOTHSEX
Peru,2020,5.9,ALLAGE,ALLAREA,G,BOTHSEX
Peru,2020,10.2913,ALLAGE,RURAL,G,BOTHSEX
Peru,2020,4.71466,ALLAGE,URBAN,G,BOTHSEX
Peru,2020,5.92812,ALLAGE,ALLAREA,G,FEMALE
Peru,2020,5.83302,ALLAGE,ALLAREA,G,MALE
Peru,2021,2.9,ALLAGE,ALLAREA,G,BOTHSEX
Peru,2021,8.46446,ALLAGE,RURAL,G,BOTHSEX
Peru,2021,2.83586,ALLAGE,ALLAREA,G,MALE
Peru,2021,1.43623,ALLAGE,URBAN,G,BOTHSEX
Peru,2021,2.90538,ALLAGE,ALLAREA,G,FEMALE
Philippines,2018,3.0,ALLAGE,ALLAREA,G,BOTHSEX
Philippines,2018,3.03927,ALLAGE,ALLAREA,G,MALE
Philippines,2018,2.95158,ALLAGE,ALLAREA,G,FEMALE
Philippines,2018,1.41906,ALLAGE,URBAN,G,BOTHSEX
Philippines,2018,4.65008,ALLAGE,RURAL,G,BOTHSEX
Philippines,2021,3.0,ALLAGE,ALLAREA,G,BOTHSEX
Poland,2016,0.2,ALLAGE,ALLAREA,G,BOTHSEX
Poland,2016,0.00295,ALLAGE,URBAN,G,BOTHSEX
Poland,2016,0.00432,ALLAGE,ALLAREA,G,FEMALE
Poland,2016,0.00478,ALLAGE,ALLAREA,G,MALE
Poland,2016,0.00703,ALLAGE,RURAL,G,BOTHSEX
Poland,2017,0.3,ALLAGE,ALLAREA,G,BOTHSEX
Poland,2018,0.2,ALLAGE,ALLAREA,G,BOTHSEX
Poland,2019,0.1,ALLAGE,ALLAREA,G,BOTHSEX
Poland,2019,0.0,ALLAGE,ALLAREA,G,FEMALE
Poland,2019,0.0,ALLAGE,ALLAREA,G,MALE
Poland,2019,0.0,ALLAGE,RURAL,G,BOTHSEX
Portugal,2016,0.4,ALLAGE,ALLAREA,G,BOTHSEX
Portugal,2016,0.39402,ALLAGE,ALLAREA,G,FEMALE
Portugal,2016,0.36078,ALLAGE,RURAL,G,BOTHSEX
Portugal,2016,0.37957,ALLAGE,URBAN,G,BOTHSEX
Portugal,2016,0.35309,ALLAGE,ALLAREA,G,MALE
Portugal,2017,0.42743,ALLAGE,ALLAREA,G,FEMALE
Portugal,2017,0.39163,ALLAGE,ALLAREA,G,MALE
Portugal,2017,0.38012,ALLAGE,URBAN,G,BOTHSEX
Portugal,2017,0.49647,ALLAGE,RURAL,G,BOTHSEX
Portugal,2017,0.4,ALLAGE,ALLAREA,G,BOTHSEX
Portugal,2018,0.3,ALLAGE,ALLAREA,G,BOTHSEX
Portugal,2018,0.26917,ALLAGE,ALLAREA,G,FEMALE
Portugal,2018,0.31382,ALLAGE,ALLAREA,G,MALE
Portugal,2018,0.32241,ALLAGE,RURAL,G,BOTHSEX
Portugal,2018,0.27918,ALLAGE,URBAN,G,BOTHSEX
Portugal,2019,0.13251,ALLAGE,ALLAREA,G,FEMALE
Portugal,2019,0.16685,ALLAGE,ALLAREA,G,MALE
Portugal,2019,0.13925,ALLAGE,RURAL,G,BOTHSEX
Portugal,2019,0.15174,ALLAGE,URBAN,G,BOTHSEX
Portugal,2019,0.1,ALLAGE,ALLAREA,G,BOTHSEX
Portugal,2020,0.5,ALLAGE,ALLAREA,G,BOTHSEX
Portugal,2020,0.41721,ALLAGE,ALLAREA,G,FEMALE
Portugal,2020,0.53395,ALLAGE,ALLAREA,G,MALE
Portugal,2020,0.37643,ALLAGE,RURAL,G,BOTHSEX
Portugal,2020,0.50248,ALLAGE,URBAN,G,BOTHSEX
Guinea-Bissau,2018,21.7,ALLAGE,ALLAREA,G,BOTHSEX
Guinea-Bissau,2018,21.66813,ALLAGE,ALLAREA,G,FEMALE
Guinea-Bissau,2018,21.65212,ALLAGE,ALLAREA,G,MALE
Guinea-Bissau,2018,33.62063,ALLAGE,RURAL,G,BOTHSEX
Guinea-Bissau,2018,5.58583,ALLAGE,URBAN,G,BOTHSEX
Romania,2016,3.2,ALLAGE,ALLAREA,G,BOTHSEX
Romania,2017,3.3,ALLAGE,ALLAREA,G,BOTHSEX
Romania,2017,3.46443,ALLAGE,ALLAREA,G,FEMALE
Romania,2017,3.57934,ALLAGE,ALLAREA,G,MALE
Romania,2017,5.86098,ALLAGE,RURAL,G,BOTHSEX
Romania,2017,1.54829,ALLAGE,URBAN,G,BOTHSEX
Romania,2018,2.7,ALLAGE,ALLAREA,G,BOTHSEX
Romania,2019,2.2,ALLAGE,ALLAREA,G,BOTHSEX
Romania,2019,4.29887,ALLAGE,RURAL,G,BOTHSEX
Romania,2019,2.65988,ALLAGE,ALLAREA,G,FEMALE
Romania,2019,2.39898,ALLAGE,ALLAREA,G,MALE
Romania,2019,1.21096,ALLAGE,URBAN,G,BOTHSEX
Romania,2020,2.04121,ALLAGE,ALLAREA,G,FEMALE
Romania,2020,2.35755,ALLAGE,ALLAREA,G,MALE
Romania,2020,3.5244,ALLAGE,RURAL,G,BOTHSEX
Romania,2020,1.2411,ALLAGE,URBAN,G,BOTHSEX
Romania,2020,1.4,ALLAGE,ALLAREA,G,BOTHSEX
Russian Federation,2016,0.0,ALLAGE,ALLAREA,G,BOTHSEX
Russian Federation,2017,0.0,ALLAGE,ALLAREA,G,BOTHSEX
Russian Federation,2018,0.0,ALLAGE,ALLAREA,G,BOTHSEX
Russian Federation,2019,0.0,ALLAGE,ALLAREA,G,BOTHSEX
Russian Federation,2019,0.02862,ALLAGE,ALLAREA,G,FEMALE
Russian Federation,2019,0.03185,ALLAGE,ALLAREA,G,MALE
Russian Federation,2019,0.06466,ALLAGE,RURAL,G,BOTHSEX
Russian Federation,2019,0.0182,ALLAGE,URBAN,G,BOTHSEX
Russian Federation,2020,0.00976,ALLAGE,ALLAREA,G,FEMALE
Russian Federation,2020,0.01084,ALLAGE,ALLAREA,G,MALE
Russian Federation,2020,0.01354,ALLAGE,RURAL,G,BOTHSEX
Russian Federation,2020,0.00902,ALLAGE,URBAN,G,BOTHSEX
Russian Federation,2020,0.0,ALLAGE,ALLAREA,G,BOTHSEX
Rwanda,2016,53.06429,ALLAGE,ALLAREA,G,FEMALE
Rwanda,2016,50.85948,ALLAGE,ALLAREA,G,MALE
Rwanda,2016,58.16528,ALLAGE,RURAL,G,BOTHSEX
Rwanda,2016,23.53995,ALLAGE,URBAN,G,BOTHSEX
Rwanda,2016,52.0,ALLAGE,ALLAREA,G,BOTHSEX
Saint Lucia,2016,5.1,ALLAGE,ALLAREA,G,BOTHSEX
Sao Tome and Principe,2017,15.6,ALLAGE,ALLAREA,G,BOTHSEX
Sao Tome and Principe,2017,14.33405,ALLAGE,RURAL,G,BOTHSEX
Sao Tome and Principe,2017,15.51188,ALLAGE,ALLAREA,G,MALE
Sao Tome and Principe,2017,15.59094,ALLAGE,ALLAREA,G,FEMALE
Sao Tome and Principe,2017,16.29456,ALLAGE,URBAN,G,BOTHSEX
Senegal,2018,9.3,ALLAGE,ALLAREA,G,BOTHSEX
Senegal,2018,9.37632,ALLAGE,ALLAREA,G,FEMALE
Senegal,2018,2.75119,ALLAGE,URBAN,G,BOTHSEX
Senegal,2018,9.2886,ALLAGE,ALLAREA,G,MALE
Senegal,2018,15.13168,ALLAGE,RURAL,G,BOTHSEX
Serbia,2016,6.4,ALLAGE,ALLAREA,G,BOTHSEX
Serbia,2016,8.14241,ALLAGE,RURAL,G,BOTHSEX
Serbia,2016,6.53038,ALLAGE,ALLAREA,G,FEMALE
Serbia,2016,6.74994,ALLAGE,ALLAREA,G,MALE
Serbia,2016,5.71135,ALLAGE,URBAN,G,BOTHSEX
Serbia,2017,4.39049,ALLAGE,URBAN,G,BOTHSEX
Serbia,2017,8.49302,ALLAGE,RURAL,G,BOTHSEX
Serbia,2017,6.79841,ALLAGE,ALLAREA,G,MALE
Serbia,2017,5.11736,ALLAGE,ALLAREA,G,FEMALE
Serbia,2017,5.4,ALLAGE,ALLAREA,G,BOTHSEX
Serbia,2018,2.9,ALLAGE,ALLAREA,G,BOTHSEX
Serbia,2019,2.3,ALLAGE,ALLAREA,G,BOTHSEX
Serbia,2020,1.6,ALLAGE,ALLAREA,G,BOTHSEX
Serbia,2020,1.37801,ALLAGE,ALLAREA,G,FEMALE
Serbia,2020,1.82163,ALLAGE,ALLAREA,G,MALE
Seychelles,2018,0.5,ALLAGE,ALLAREA,G,BOTHSEX
Seychelles,2018,0.55632,ALLAGE,ALLAREA,G,MALE
Sierra Leone,2018,39.39137,ALLAGE,RURAL,G,BOTHSEX
Sierra Leone,2018,25.62928,ALLAGE,ALLAREA,G,MALE
Sierra Leone,2018,8.8329,ALLAGE,URBAN,G,BOTHSEX
Sierra Leone,2018,26.45718,ALLAGE,ALLAREA,G,FEMALE
Sierra Leone,2018,26.1,ALLAGE,ALLAREA,G,BOTHSEX
Slovakia,2016,1.70226,ALLAGE,RURAL,G,BOTHSEX
Slovakia,2016,1.43888,ALLAGE,ALLAREA,G,FEMALE
Slovakia,2016,1.66336,ALLAGE,ALLAREA,G,MALE
Slovakia,2016,1.43871,ALLAGE,URBAN,G,BOTHSEX
Slovakia,2016,1.4,ALLAGE,ALLAREA,G,BOTHSEX
Slovakia,2017,0.2,ALLAGE,ALLAREA,G,BOTHSEX
Slovakia,2017,0.34138,ALLAGE,ALLAREA,G,MALE
Slovakia,2017,0.22987,ALLAGE,ALLAREA,G,FEMALE
Slovakia,2017,0.35324,ALLAGE,URBAN,G,BOTHSEX
Slovakia,2017,0.1918,ALLAGE,RURAL,G,BOTHSEX
Slovakia,2018,0.16162,ALLAGE,ALLAREA,G,FEMALE
Slovakia,2018,0.25781,ALLAGE,ALLAREA,G,MALE
Slovakia,2018,0.19755,ALLAGE,URBAN,G,BOTHSEX
Slovakia,2018,0.223,ALLAGE,RURAL,G,BOTHSEX
Slovakia,2018,0.2,ALLAGE,ALLAREA,G,BOTHSEX
Slovakia,2019,0.1,ALLAGE,ALLAREA,G,BOTHSEX
Slovakia,2019,0.14378,ALLAGE,ALLAREA,G,MALE
Slovakia,2019,0.11495,ALLAGE,ALLAREA,G,FEMALE
Slovakia,2019,0.07141,ALLAGE,RURAL,G,BOTHSEX
Slovakia,2019,0.17409,ALLAGE,URBAN,G,BOTHSEX
Viet Nam,2016,1.2846,ALLAGE,ALLAREA,G,MALE
Viet Nam,2016,1.77202,ALLAGE,RURAL,G,BOTHSEX
Viet Nam,2016,0.17623,ALLAGE,URBAN,G,BOTHSEX
Viet Nam,2016,1.24339,ALLAGE,ALLAREA,G,FEMALE
Viet Nam,2016,1.3,ALLAGE,ALLAREA,G,BOTHSEX
Viet Nam,2018,1.2,ALLAGE,ALLAREA,G,BOTHSEX
Viet Nam,2018,0.1125,ALLAGE,URBAN,G,BOTHSEX
Viet Nam,2018,1.21115,ALLAGE,ALLAREA,G,FEMALE
Viet Nam,2018,1.25282,ALLAGE,ALLAREA,G,MALE
Viet Nam,2018,1.79242,ALLAGE,RURAL,G,BOTHSEX
Viet Nam,2020,0.1461,ALLAGE,URBAN,G,BOTHSEX
Viet Nam,2020,0.94519,ALLAGE,RURAL,G,BOTHSEX
Viet Nam,2020,0.7,ALLAGE,ALLAREA,G,BOTHSEX
Slovenia,2016,0.0,ALLAGE,ALLAREA,G,MALE
Slovenia,2016,0.0,ALLAGE,ALLAREA,G,FEMALE
Slovenia,2016,0.0,ALLAGE,ALLAREA,G,BOTHSEX
Slovenia,2017,0.0,ALLAGE,ALLAREA,G,BOTHSEX
Slovenia,2017,0.0,ALLAGE,ALLAREA,G,FEMALE
Slovenia,2017,0.0,ALLAGE,ALLAREA,G,MALE
Slovenia,2018,0.0,ALLAGE,ALLAREA,G,FEMALE
Slovenia,2018,0.0,ALLAGE,ALLAREA,G,MALE
Slovenia,2018,0.0,ALLAGE,ALLAREA,G,BOTHSEX
Slovenia,2019,0.0,ALLAGE,ALLAREA,G,BOTHSEX
Slovenia,2019,0.0,ALLAGE,ALLAREA,G,MALE
Slovenia,2019,0.0,ALLAGE,ALLAREA,G,FEMALE
Slovenia,2020,0.0,ALLAGE,ALLAREA,G,MALE
Slovenia,2020,0.0,ALLAGE,ALLAREA,G,FEMALE
Slovenia,2020,0.0,ALLAGE,ALLAREA,G,BOTHSEX
Zimbabwe,2017,34.2,ALLAGE,ALLAREA,G,BOTHSEX
Zimbabwe,2017,4.78471,ALLAGE,URBAN,G,BOTHSEX
Zimbabwe,2017,34.54693,ALLAGE,ALLAREA,G,MALE
Zimbabwe,2017,34.27809,ALLAGE,ALLAREA,G,FEMALE
Zimbabwe,2017,47.92728,ALLAGE,RURAL,G,BOTHSEX
Zimbabwe,2019,10.98269,ALLAGE,URBAN,G,BOTHSEX
Zimbabwe,2019,40.08752,ALLAGE,ALLAREA,G,MALE
Zimbabwe,2019,52.61327,ALLAGE,RURAL,G,BOTHSEX
Zimbabwe,2019,39.44854,ALLAGE,ALLAREA,G,FEMALE
Zimbabwe,2019,39.8,ALLAGE,ALLAREA,G,BOTHSEX
Spain,2016,1.0633,ALLAGE,RURAL,G,BOTHSEX
Spain,2016,1.29384,ALLAGE,ALLAREA,G,MALE
Spain,2016,1.36985,ALLAGE,ALLAREA,G,FEMALE
Spain,2016,1.42738,ALLAGE,URBAN,G,BOTHSEX
Spain,2016,1.1,ALLAGE,ALLAREA,G,BOTHSEX
Spain,2017,0.7,ALLAGE,ALLAREA,G,BOTHSEX
Spain,2017,0.93958,ALLAGE,URBAN,G,BOTHSEX
Spain,2017,0.94832,ALLAGE,ALLAREA,G,FEMALE
Spain,2017,0.76661,ALLAGE,RURAL,G,BOTHSEX
Spain,2017,0.83938,ALLAGE,ALLAREA,G,MALE
Spain,2018,0.99246,ALLAGE,ALLAREA,G,FEMALE
Spain,2018,0.95823,ALLAGE,ALLAREA,G,MALE
Spain,2018,0.80823,ALLAGE,RURAL,G,BOTHSEX
Spain,2018,1.0349,ALLAGE,URBAN,G,BOTHSEX
Spain,2018,0.8,ALLAGE,ALLAREA,G,BOTHSEX
Spain,2019,0.8,ALLAGE,ALLAREA,G,BOTHSEX
Spain,2019,0.86093,ALLAGE,ALLAREA,G,FEMALE
Spain,2019,0.75608,ALLAGE,RURAL,G,BOTHSEX
Spain,2019,0.93063,ALLAGE,ALLAREA,G,MALE
Spain,2019,0.94392,ALLAGE,URBAN,G,BOTHSEX
Spain,2020,1.06109,ALLAGE,ALLAREA,G,MALE
Spain,2020,1.1988,ALLAGE,ALLAREA,G,FEMALE
Spain,2020,1.14139,ALLAGE,URBAN,G,BOTHSEX
Spain,2020,1.06405,ALLAGE,RURAL,G,BOTHSEX
Spain,2020,0.9,ALLAGE,ALLAREA,G,BOTHSEX
South Sudan,2016,67.3,ALLAGE,ALLAREA,G,BOTHSEX
South Sudan,2016,67.12712,ALLAGE,ALLAREA,G,MALE
South Sudan,2016,70.69719,ALLAGE,RURAL,G,BOTHSEX
South Sudan,2016,44.21237,ALLAGE,URBAN,G,BOTHSEX
South Sudan,2016,67.51779,ALLAGE,ALLAREA,G,FEMALE
Eswatini,2016,43.90247,ALLAGE,RURAL,G,BOTHSEX
Eswatini,2016,36.1,ALLAGE,ALLAREA,G,BOTHSEX
Eswatini,2016,35.20001,ALLAGE,ALLAREA,G,MALE
Eswatini,2016,36.87123,ALLAGE,ALLAREA,G,FEMALE
Eswatini,2016,8.60249,ALLAGE,URBAN,G,BOTHSEX
Sweden,2016,0.35845,ALLAGE,ALLAREA,G,FEMALE
Sweden,2016,0.62914,ALLAGE,ALLAREA,G,MALE
Sweden,2016,0.33123,ALLAGE,URBAN,G,BOTHSEX
Sweden,2016,1.1356,ALLAGE,RURAL,G,BOTHSEX
Sweden,2016,0.3,ALLAGE,ALLAREA,G,BOTHSEX
Sweden,2017,0.2,ALLAGE,ALLAREA,G,BOTHSEX
Sweden,2017,0.73469,ALLAGE,ALLAREA,G,MALE
Sweden,2017,0.69088,ALLAGE,RURAL,G,BOTHSEX
Sweden,2017,0.53286,ALLAGE,URBAN,G,BOTHSEX
Sweden,2017,0.39204,ALLAGE,ALLAREA,G,FEMALE
Sweden,2018,0.93579,ALLAGE,URBAN,G,BOTHSEX
Sweden,2018,0.74434,ALLAGE,ALLAREA,G,FEMALE
Sweden,2018,1.14641,ALLAGE,RURAL,G,BOTHSEX
Sweden,2018,1.20758,ALLAGE,ALLAREA,G,MALE
Sweden,2018,0.7,ALLAGE,ALLAREA,G,BOTHSEX
Sweden,2019,0.3,ALLAGE,ALLAREA,G,BOTHSEX
Sweden,2019,0.76789,ALLAGE,ALLAREA,G,MALE
Sweden,2019,0.67359,ALLAGE,RURAL,G,BOTHSEX
Sweden,2019,0.55638,ALLAGE,URBAN,G,BOTHSEX
Sweden,2019,0.38786,ALLAGE,ALLAREA,G,FEMALE
Sweden,2020,0.55718,ALLAGE,URBAN,G,BOTHSEX
Sweden,2020,0.79871,ALLAGE,RURAL,G,BOTHSEX
Sweden,2020,0.67374,ALLAGE,ALLAREA,G,FEMALE
Sweden,2020,0.5334,ALLAGE,ALLAREA,G,MALE
Sweden,2020,0.4,ALLAGE,ALLAREA,G,BOTHSEX
Switzerland,2016,0.0,ALLAGE,ALLAREA,G,BOTHSEX
Switzerland,2016,0.1289,ALLAGE,ALLAREA,G,FEMALE
Switzerland,2016,0.17921,ALLAGE,ALLAREA,G,MALE
Switzerland,2016,0.10231,ALLAGE,RURAL,G,BOTHSEX
Switzerland,2016,0.16571,ALLAGE,URBAN,G,BOTHSEX
Switzerland,2017,0.02922,ALLAGE,ALLAREA,G,FEMALE
Switzerland,2017,0.22777,ALLAGE,ALLAREA,G,MALE
Switzerland,2017,0.04601,ALLAGE,RURAL,G,BOTHSEX
Switzerland,2017,0.14536,ALLAGE,URBAN,G,BOTHSEX
Switzerland,2017,0.0,ALLAGE,ALLAREA,G,BOTHSEX
Switzerland,2018,0.0,ALLAGE,ALLAREA,G,BOTHSEX
Switzerland,2018,0.08942,ALLAGE,ALLAREA,G,FEMALE
Switzerland,2018,0.2736,ALLAGE,ALLAREA,G,MALE
Switzerland,2018,0.02961,ALLAGE,RURAL,G,BOTHSEX
Switzerland,2018,0.21331,ALLAGE,URBAN,G,BOTHSEX
Thailand,2016,0.03661,ALLAGE,RURAL,G,BOTHSEX
Thailand,2016,0.03556,ALLAGE,URBAN,G,BOTHSEX
Thailand,2016,0.0,ALLAGE,ALLAREA,G,BOTHSEX
Thailand,2017,0.0,ALLAGE,ALLAREA,G,BOTHSEX
Thailand,2017,0.01948,ALLAGE,URBAN,G,BOTHSEX
Thailand,2017,0.05096,ALLAGE,RURAL,G,BOTHSEX
Thailand,2017,0.04072,ALLAGE,ALLAREA,G,MALE
Thailand,2017,0.03385,ALLAGE,ALLAREA,G,FEMALE
Thailand,2018,0.04174,ALLAGE,URBAN,G,BOTHSEX
Thailand,2018,0.03181,ALLAGE,ALLAREA,G,FEMALE
Thailand,2018,0.02462,ALLAGE,RURAL,G,BOTHSEX
Thailand,2018,0.03249,ALLAGE,ALLAREA,G,MALE
Thailand,2018,0.0,ALLAGE,ALLAREA,G,BOTHSEX
Thailand,2019,0.1,ALLAGE,ALLAREA,G,BOTHSEX
Thailand,2019,0.08179,ALLAGE,ALLAREA,G,FEMALE
Thailand,2019,0.10941,ALLAGE,ALLAREA,G,MALE
Thailand,2019,0.16222,ALLAGE,RURAL,G,BOTHSEX
Thailand,2019,0.00818,ALLAGE,URBAN,G,BOTHSEX
Thailand,2020,0.0,ALLAGE,URBAN,G,BOTHSEX
Thailand,2020,0.08287,ALLAGE,RURAL,G,BOTHSEX
Thailand,2020,0.0,ALLAGE,ALLAREA,G,BOTHSEX
Thailand,2021,0.0,ALLAGE,ALLAREA,G,BOTHSEX
Thailand,2021,0.01845,ALLAGE,RURAL,G,BOTHSEX
Thailand,2021,0.00808,ALLAGE,URBAN,G,BOTHSEX
Togo,2018,28.1,ALLAGE,ALLAREA,G,BOTHSEX
Togo,2018,42.36211,ALLAGE,RURAL,G,BOTHSEX
Togo,2018,7.48605,ALLAGE,URBAN,G,BOTHSEX
Togo,2018,28.29294,ALLAGE,ALLAREA,G,MALE
Togo,2018,27.86614,ALLAGE,ALLAREA,G,FEMALE
United Arab Emirates,2018,0.0,ALLAGE,ALLAREA,G,BOTHSEX
Türkiye,2016,0.2,ALLAGE,ALLAREA,G,BOTHSEX
Türkiye,2016,0.19999,ALLAGE,ALLAREA,G,MALE
Türkiye,2016,0.20543,ALLAGE,ALLAREA,G,FEMALE
Türkiye,2017,0.13696,ALLAGE,ALLAREA,G,FEMALE
Türkiye,2017,0.14034,ALLAGE,ALLAREA,G,MALE
Türkiye,2017,0.1,ALLAGE,ALLAREA,G,BOTHSEX
Türkiye,2018,0.0,ALLAGE,ALLAREA,G,BOTHSEX
Türkiye,2018,0.0352,ALLAGE,ALLAREA,G,MALE
Türkiye,2018,0.04557,ALLAGE,ALLAREA,G,FEMALE
Türkiye,2019,0.35871,ALLAGE,ALLAREA,G,FEMALE
Türkiye,2019,0.36252,ALLAGE,ALLAREA,G,MALE
Türkiye,2019,0.4,ALLAGE,ALLAREA,G,BOTHSEX
Uganda,2016,42.91793,ALLAGE,ALLAREA,G,MALE
Uganda,2016,42.55635,ALLAGE,ALLAREA,G,FEMALE
Uganda,2016,49.97225,ALLAGE,RURAL,G,BOTHSEX
Uganda,2016,20.19749,ALLAGE,URBAN,G,BOTHSEX
Uganda,2016,42.7,ALLAGE,ALLAREA,G,BOTHSEX
Uganda,2019,42.2,ALLAGE,ALLAREA,G,BOTHSEX
Uganda,2019,42.41583,ALLAGE,ALLAREA,G,FEMALE
Uganda,2019,41.98281,ALLAGE,ALLAREA,G,MALE
Uganda,2019,49.206,ALLAGE,RURAL,G,BOTHSEX
Uganda,2019,22.8816,ALLAGE,URBAN,G,BOTHSEX
Ukraine,2016,0.13101,ALLAGE,ALLAREA,G,MALE
Ukraine,2016,0.15301,ALLAGE,RURAL,G,BOTHSEX
Ukraine,2016,0.07007,ALLAGE,ALLAREA,G,FEMALE
Ukraine,2016,0.0703,ALLAGE,URBAN,G,BOTHSEX
Ukraine,2016,0.1,ALLAGE,ALLAREA,G,BOTHSEX
Ukraine,2017,0.0,ALLAGE,ALLAREA,G,BOTHSEX
Ukraine,2017,0.0,ALLAGE,RURAL,G,BOTHSEX
Ukraine,2017,0.04228,ALLAGE,ALLAREA,G,MALE
Ukraine,2017,0.04871,ALLAGE,URBAN,G,BOTHSEX
Ukraine,2017,0.02359,ALLAGE,ALLAREA,G,FEMALE
Ukraine,2018,0.02941,ALLAGE,RURAL,G,BOTHSEX
Ukraine,2018,0.0,ALLAGE,URBAN,G,BOTHSEX
Ukraine,2018,0.0,ALLAGE,ALLAREA,G,FEMALE
Ukraine,2018,0.02146,ALLAGE,ALLAREA,G,MALE
Ukraine,2018,0.0,ALLAGE,ALLAREA,G,BOTHSEX
Ukraine,2019,0.0,ALLAGE,ALLAREA,G,BOTHSEX
Ukraine,2019,0.0,ALLAGE,ALLAREA,G,FEMALE
Ukraine,2019,0.0,ALLAGE,URBAN,G,BOTHSEX
Ukraine,2019,0.0,ALLAGE,RURAL,G,BOTHSEX
Ukraine,2019,0.0,ALLAGE,ALLAREA,G,MALE
Ukraine,2020,0.0254,ALLAGE,ALLAREA,G,FEMALE
Ukraine,2020,0.01754,ALLAGE,URBAN,G,BOTHSEX
Ukraine,2020,0.03282,ALLAGE,ALLAREA,G,MALE
Ukraine,2020,0.05196,ALLAGE,RURAL,G,BOTHSEX
Ukraine,2020,0.0,ALLAGE,ALLAREA,G,BOTHSEX
North Macedonia,2016,4.02069,ALLAGE,ALLAREA,G,MALE
North Macedonia,2016,4.61286,ALLAGE,ALLAREA,G,FEMALE
North Macedonia,2016,4.2,ALLAGE,ALLAREA,G,BOTHSEX
North Macedonia,2017,3.05813,ALLAGE,URBAN,G,BOTHSEX
North Macedonia,2017,4.5,ALLAGE,ALLAREA,G,BOTHSEX
North Macedonia,2017,4.47247,ALLAGE,ALLAREA,G,MALE
North Macedonia,2017,6.09597,ALLAGE,RURAL,G,BOTHSEX
North Macedonia,2017,4.52917,ALLAGE,ALLAREA,G,FEMALE
North Macedonia,2018,4.6726,ALLAGE,RURAL,G,BOTHSEX
North Macedonia,2018,2.24337,ALLAGE,URBAN,G,BOTHSEX
North Macedonia,2018,3.42382,ALLAGE,ALLAREA,G,FEMALE
North Macedonia,2018,3.37338,ALLAGE,ALLAREA,G,MALE
North Macedonia,2018,3.4,ALLAGE,ALLAREA,G,BOTHSEX
North Macedonia,2019,2.7,ALLAGE,ALLAREA,G,BOTHSEX
North Macedonia,2019,1.20559,ALLAGE,URBAN,G,BOTHSEX
North Macedonia,2019,4.58989,ALLAGE,RURAL,G,BOTHSEX
North Macedonia,2019,2.7251,ALLAGE,ALLAREA,G,FEMALE
North Macedonia,2019,2.89242,ALLAGE,ALLAREA,G,MALE
Egypt,2017,2.5,ALLAGE,ALLAREA,G,BOTHSEX
Egypt,2019,1.5,ALLAGE,ALLAREA,G,BOTHSEX
Egypt,2019,0.94313,ALLAGE,URBAN,G,BOTHSEX
Egypt,2019,1.56908,ALLAGE,ALLAREA,G,FEMALE
Egypt,2019,1.36548,ALLAGE,ALLAREA,G,MALE
Egypt,2019,1.83129,ALLAGE,RURAL,G,BOTHSEX
United Kingdom of Great Britain and Northern Ireland,2016,0.2,ALLAGE,ALLAREA,G,BOTHSEX
United Kingdom of Great Britain and Northern Ireland,2017,0.2,ALLAGE,ALLAREA,G,BOTHSEX
United Kingdom of Great Britain and Northern Ireland,2018,0.5,ALLAGE,ALLAREA,G,BOTHSEX
United Kingdom of Great Britain and Northern Ireland,2019,0.5,ALLAGE,ALLAREA,G,BOTHSEX
United Kingdom of Great Britain and Northern Ireland,2020,0.5,ALLAGE,ALLAREA,G,BOTHSEX
United Republic of Tanzania,2018,53.73427,ALLAGE,RURAL,G,BOTHSEX
United Republic of Tanzania,2018,26.14077,ALLAGE,URBAN,G,BOTHSEX
United Republic of Tanzania,2018,45.21934,ALLAGE,ALLAREA,G,FEMALE
United Republic of Tanzania,2018,44.94157,ALLAGE,ALLAREA,G,MALE
United Republic of Tanzania,2018,44.9,ALLAGE,ALLAREA,G,BOTHSEX
United States of America,2016,1.0,ALLAGE,ALLAREA,G,BOTHSEX
United States of America,2017,1.2,ALLAGE,ALLAREA,G,BOTHSEX
United States of America,2018,1.0,ALLAGE,ALLAREA,G,BOTHSEX
United States of America,2019,1.0,ALLAGE,ALLAREA,G,BOTHSEX
United States of America,2020,0.2,ALLAGE,ALLAREA,G,BOTHSEX
Burkina Faso,2018,30.5,ALLAGE,ALLAREA,G,BOTHSEX
Burkina Faso,2018,30.87459,ALLAGE,ALLAREA,G,FEMALE
Burkina Faso,2018,30.17082,ALLAGE,ALLAREA,G,MALE
Burkina Faso,2018,39.3778,ALLAGE,RURAL,G,BOTHSEX
Burkina Faso,2018,4.93009,ALLAGE,URBAN,G,BOTHSEX
Uruguay,2016,0.1,ALLAGE,ALLAREA,G,BOTHSEX
Uruguay,2017,0.1,ALLAGE,ALLAREA,G,BOTHSEX
Uruguay,2018,0.1,ALLAGE,ALLAREA,G,BOTHSEX
Uruguay,2019,0.1,ALLAGE,ALLAREA,G,BOTHSEX
Uruguay,2020,0.2,ALLAGE,ALLAREA,G,BOTHSEX
Uruguay,2021,0.1,ALLAGE,ALLAREA,G,BOTHSEX
Uruguay,2021,0.11559,ALLAGE,URBAN,G,BOTHSEX
Uruguay,2021,0.11578,ALLAGE,ALLAREA,G,MALE
Uruguay,2021,0.05156,ALLAGE,RURAL,G,BOTHSEX
Uruguay,2021,0.10874,ALLAGE,ALLAREA,G,FEMALE
